"id","m_size", "n_size", "k_rank", "density", "lambda_u", "lambda_v", "mean_convergencerate","std_convergencerate", "mean_residualstep", "std_residualstep",last_epoch_mean", "last_epoch_std", "tot_time_mean","tot_time_std", "epoch_time_mean","epoch_time_std", "precision_mean",  "precision_std"
1,10,10,2,1,1,1,1,0,0.70212,0,100,0,0.081061,0,0.00081061,0,0.4107,0
2,10,10,5,1,1,1,1,0,0.69284,0,100,0,0.023616,0,0.00023616,0,1.371,0
3,10,10,9,1,1,1,1,0,0.70828,0,100,0,0.033428,0,0.00033428,0,2.3462,0
4,10,50,2,1,1,1,1,0,0.68683,0,100,0,0.020239,0,0.00020239,0,0.1509,0
5,10,50,5,1,1,1,1,0,0.5841,0,100,0,0.031453,0,0.00031453,0,0.55336,0
6,10,50,9,1,1,1,1,0,0.51815,0,100,0,0.048413,0,0.00048413,0,1.8491,0
7,10,100,2,1,1,1,1,0,0.67015,0,100,0,0.021142,0,0.00021142,0,0.1116,0
8,10,100,5,1,1,1,1,0,0.55745,0,100,0,0.036786,0,0.00036786,0,0.39232,0
9,10,100,9,1,1,1,1,0,0.46047,0,100,0,0.077424,0,0.00077424,0,1.4089,0
10,10,200,2,1,1,1,1,0,0.6701,0,100,0,0.041575,0,0.00041575,0,0.077305,0
11,10,200,5,1,1,1,1,0,0.55279,0,100,0,0.088703,0,0.00088703,0,0.25806,0
12,10,200,9,1,1,1,1,0,0.40315,0,100,0,0.13477,0,0.0013477,0,1.0195,0
13,10,300,2,1,1,1,1,0,0.67005,0,100,0,0.069255,0,0.00069255,0,0.062392,0
14,10,300,5,1,1,1,1,0,0.5491,0,100,0,0.10251,0,0.0010251,0,0.20968,0
15,10,300,9,1,1,1,1,0,0.38174,0,100,0,0.17217,0,0.0017217,0,0.82272,0
16,10,400,2,1,1,1,1,0,0.66467,0,100,0,0.19472,0,0.0019472,0,0.053234,0
17,10,400,5,1,1,1,0.99999,0,0.54423,0,100,0,0.44143,0,0.0044143,0,0.17888,0
18,10,400,9,1,1,1,1,0,0.36086,0,100,0,0.77425,0,0.0077425,0,0.70791,0
19,10,500,2,1,1,1,0.99999,0,0.65804,0,100,0,0.22455,0,0.0022455,0,0.049708,0
20,10,500,5,1,1,1,0.99995,0,0.54367,0,100,0,0.48452,0,0.0048452,0,0.18646,0
21,10,500,9,1,1,1,1,0,0.3472,0,100,0,0.85756,0,0.0085756,0,0.64933,0
22,10,600,2,1,1,1,1,0,0.65816,0,100,0,0.30019,0,0.0030019,0,0.044172,0
23,10,600,5,1,1,1,1,0,0.5369,0,100,0,0.66281,0,0.0066281,0,0.14271,0
24,10,600,9,1,1,1,0.99999,0,0.34512,0,100,0,1.2693,0,0.012693,0,0.57676,0
25,10,700,2,1,1,1,1,0,0.66543,0,100,0,0.41966,0,0.0041966,0,0.04068,0
26,10,700,5,1,1,1,1,0,0.53385,0,100,0,0.84248,0,0.0084248,0,0.13098,0
27,10,700,9,1,1,1,1,0,0.33413,0,100,0,1.4672,0,0.014672,0,0.54073,0
28,10,800,2,1,1,1,1,0,0.66193,0,100,0,0.42555,0,0.0042555,0,0.038596,0
29,10,800,5,1,1,1,1,0,0.53012,0,100,0,1.0292,0,0.010292,0,0.12557,0
30,10,800,9,1,1,1,0.99996,0,0.33036,0,100,0,1.8648,0,0.018648,0,0.54165,0
31,10,900,2,1,1,1,1,0,0.65988,0,100,0,0.52498,0,0.0052498,0,0.035441,0
32,10,900,5,1,1,1,1,0,0.53231,0,100,0,1.2794,0,0.012794,0,0.11608,0
33,10,900,9,1,1,1,1,0,0.32512,0,100,0,2.5044,0,0.025044,0,0.46285,0
34,10,1000,2,1,1,1,1,0,0.65706,0,100,0,0.79796,0,0.0079796,0,0.033938,0
35,10,1000,5,1,1,1,1,0,0.52668,0,100,0,1.7374,0,0.017374,0,0.11009,0
36,10,1000,9,1,1,1,0.99999,0,0.32003,0,100,0,3.7729,0,0.037729,0,0.45184,0
37,10,1100,2,1,1,1,1,0,0.65829,0,100,0,0.98976,0,0.0098976,0,0.032391,0
38,10,1100,5,1,1,1,0.99998,0,0.52427,0,100,0,2.4426,0,0.024426,0,0.12429,0
39,10,1100,9,1,1,1,1,0,0.31294,0,100,0,4.9077,0,0.049077,0,0.43089,0
40,10,1200,2,1,1,1,1,0,0.65552,0,100,0,1.1175,0,0.011175,0,0.031007,0
41,10,1200,5,1,1,1,1,0,0.5331,0,100,0,2.4494,0,0.024494,0,0.099805,0
42,10,1200,9,1,1,1,0.99999,0,0.31202,0,100,0,5.6344,0,0.056344,0,0.41063,0
43,10,1300,2,1,1,1,1,0,0.65794,0,100,0,1.3656,0,0.013656,0,0.029847,0
44,10,1300,5,1,1,1,1,0,0.52835,0,100,0,3.38,0,0.0338,0,0.09674,0
45,10,1300,9,1,1,1,1,0,0.3064,0,100,0,5.5945,0,0.055945,0,0.40132,0
46,10,1400,2,1,1,1,1,0,0.65752,0,100,0,1.452,0,0.01452,0,0.028751,0
47,10,1400,5,1,1,1,1,0,0.5262,0,100,0,3.6056,0,0.036056,0,0.092673,0
48,10,1400,9,1,1,1,1,0,0.3092,0,100,0,5.8866,0,0.058866,0,0.37753,0
49,10,1500,2,1,1,1,1,0,0.65598,0,100,0,1.5012,0,0.015012,0,0.027735,0
50,10,1500,5,1,1,1,1,0,0.53103,0,100,0,3.8428,0,0.038428,0,0.14459,0
51,10,1500,9,1,1,1,1,0,0.3038,0,100,0,7.0565,0,0.070565,0,0.36811,0
52,50,10,2,1,1,1,1,0,0.69022,0,100,0,0.018222,0,0.00018222,0,0.161,0
53,50,10,5,1,1,1,1,0,0.58375,0,100,0,0.029024,0,0.00029024,0,0.55402,0
54,50,10,9,1,1,1,1,0,0.53266,0,100,0,0.041158,0,0.00041158,0,1.8917,0
55,50,50,2,1,1,1,1,0,0.71295,0,100,0,0.021109,0,0.00021109,0,0.063817,0
56,50,50,5,1,1,1,1,0,0.66361,0,100,0,0.033364,0,0.00033364,0,0.18182,0
57,50,50,10,1,1,1,1,0,0.58846,0,100,0,0.05861,0,0.0005861,0,0.41982,0
58,50,50,25,1,1,1,1,0,0.47533,0,100,0,0.24654,0,0.0024654,0,1.942,0
59,50,50,49,1,1,1,1,0,0.46078,0,100,0,0.64408,0,0.0064408,0,6.3919,0
60,50,100,2,1,1,1,1,0,0.71279,0,100,0,0.030027,0,0.00030027,0,0.04458,0
61,50,100,5,1,1,1,1,0,0.67362,0,100,0,0.046549,0,0.00046549,0,0.12098,0
62,50,100,10,1,1,1,1,0,0.61066,0,100,0,0.10058,0,0.0010058,0,0.27666,0
63,50,100,25,1,1,1,1,0,0.47676,0,100,0,0.32693,0,0.0032693,0,1.0879,0
64,50,100,49,1,1,1,1,0,0.40831,0,100,0,0.92278,0,0.0092278,0,5.9776,0
65,50,200,2,1,1,1,1,0,0.71386,0,100,0,0.07397,0,0.0007397,0,0.031221,0
66,50,200,5,1,1,1,1,0,0.67852,0,100,0,0.11458,0,0.0011458,0,0.085729,0
67,50,200,10,1,1,1,1,0,0.62088,0,100,0,0.18178,0,0.0018178,0,0.18571,0
68,50,200,25,1,1,1,1,0,0.48466,0,100,0,0.52993,0,0.0052993,0,0.68005,0
69,50,200,49,1,1,1,1,0,0.35168,0,100,0,1.4059,0,0.014059,0,4.9244,0
70,50,300,2,1,1,1,1,0,0.71347,0,100,0,0.096538,0,0.00096538,0,0.025277,0
71,50,300,5,1,1,1,1,0,0.6802,0,100,0,0.15053,0,0.0015053,0,0.066674,0
72,50,300,10,1,1,1,1,0,0.62672,0,100,0,0.22846,0,0.0022846,0,0.14692,0
73,50,300,25,1,1,1,0.99999,0,0.48649,0,100,0,0.6405,0,0.006405,0,0.5295,0
74,50,300,49,1,1,1,1,0,0.32047,0,100,0,1.9384,0,0.019384,0,4.2221,0
75,50,400,2,1,1,1,1,0,0.71094,0,100,0,0.24616,0,0.0024616,0,0.022676,0
76,50,400,5,1,1,1,1,0,0.68059,0,100,0,0.50681,0,0.0050681,0,0.057606,0
77,50,400,10,1,1,1,1,0,0.63264,0,100,0,0.89861,0,0.0089861,0,0.12659,0
78,50,400,25,1,1,1,1,0,0.48938,0,100,0,2.4247,0,0.024247,0,0.44261,0
79,50,400,49,1,1,1,1,0,0.30068,0,100,0,5.562,0,0.05562,0,3.7945,0
80,50,500,2,1,1,1,1,0,0.71076,0,100,0,0.2985,0,0.002985,0,0.019508,0
81,50,500,5,1,1,1,1,0,0.68183,0,100,0,0.57685,0,0.0057685,0,0.051605,0
82,50,500,10,1,1,1,1,0,0.63288,0,100,0,1.0139,0,0.010139,0,0.11299,0
83,50,500,25,1,1,1,1,0,0.49195,0,100,0,2.9324,0,0.029324,0,0.38815,0
84,50,500,49,1,1,1,1,0,0.28664,0,100,0,6.9665,0,0.069665,0,3.508,0
85,50,600,2,1,1,1,1,0,0.711,0,100,0,0.36535,0,0.0036535,0,0.018301,0
86,50,600,5,1,1,1,1,0,0.68262,0,100,0,0.69779,0,0.0069779,0,0.049463,0
87,50,600,10,1,1,1,1,0,0.63144,0,100,0,1.3535,0,0.013535,0,0.10265,0
88,50,600,25,1,1,1,1,0,0.48903,0,100,0,3.8196,0,0.038196,0,0.35291,0
89,50,600,49,1,1,1,0.99999,0,0.27465,0,100,0,9.3168,0,0.093168,0,3.2658,0
90,50,700,2,1,1,1,1,0,0.71286,0,100,0,0.43289,0,0.0043289,0,0.016559,0
91,50,700,5,1,1,1,1,0,0.68411,0,100,0,0.87241,0,0.0087241,0,0.043219,0
92,50,700,10,1,1,1,1,0,0.63606,0,100,0,1.7334,0,0.017334,0,0.095517,0
93,50,700,25,1,1,1,1,0,0.49634,0,100,0,5.0062,0,0.050062,0,0.34794,0
94,50,700,49,1,1,1,0.99999,0,0.2672,0,100,0,14.576,0,0.14576,0,3.053,0
95,50,800,2,1,1,1,1,0,0.71367,0,100,0,0.71824,0,0.0071824,0,0.015544,0
96,50,800,5,1,1,1,1,0,0.68624,0,100,0,1.6277,0,0.016277,0,0.048814,0
97,50,800,10,1,1,1,1,0,0.63552,0,100,0,3.29,0,0.0329,0,0.087699,0
98,50,800,25,1,1,1,1,0,0.49461,0,100,0,8.5254,0,0.085254,0,0.29887,0
99,50,800,49,1,1,1,0.99999,0,0.25863,0,100,0,15.387,0,0.15387,0,2.8796,0
100,50,900,2,1,1,1,1,0,0.71382,0,100,0,0.64089,0,0.0064089,0,0.01451,0
101,50,900,5,1,1,1,1,0,0.68444,0,100,0,1.4958,0,0.014958,0,0.038344,0
102,50,900,10,1,1,1,1,0,0.6374,0,100,0,3.3956,0,0.033956,0,0.087169,0
103,50,900,25,1,1,1,0.99999,0,0.49678,0,100,0,9.9617,0,0.099617,0,0.2918,0
104,50,900,49,1,1,1,0.99998,0,0.25333,0,100,0,18.974,0,0.18974,0,2.6627,0
105,50,1000,2,1,1,1,1,0,0.71175,0,100,0,0.76802,0,0.0076802,0,0.013692,0
106,50,1000,5,1,1,1,1,0,0.68379,0,100,0,1.6553,0,0.016553,0,0.036932,0
107,50,1000,10,1,1,1,1,0,0.63603,0,100,0,3.6679,0,0.036679,0,0.080473,0
108,50,1000,25,1,1,1,0.99999,0,0.49801,0,100,0,11.411,0,0.11411,0,0.28154,0
109,50,1000,49,1,1,1,0.99998,0,0.24801,0,100,0,22.845,0,0.22845,0,2.571,0
110,50,1100,2,1,1,1,1,0,0.71207,0,100,0,1.0797,0,0.010797,0,0.013171,0
111,50,1100,5,1,1,1,1,0,0.68231,0,100,0,2.0279,0,0.020279,0,0.039512,0
112,50,1100,10,1,1,1,1,0,0.63716,0,100,0,4.2097,0,0.042097,0,0.07505,0
113,50,1100,25,1,1,1,0.99999,0,0.49678,0,100,0,13.558,0,0.13558,0,0.25194,0
114,50,1100,49,1,1,1,0.99998,0,0.24264,0,100,0,26.594,0,0.26594,0,2.4473,0
115,50,1200,2,1,1,1,1,0,0.71253,0,100,0,0.99107,0,0.0099107,0,0.012576,0
116,50,1200,5,1,1,1,1,0,0.68533,0,100,0,2.2315,0,0.022315,0,0.037083,0
117,50,1200,10,1,1,1,1,0,0.64009,0,100,0,4.7841,0,0.047841,0,0.071622,0
118,50,1200,25,1,1,1,0.99999,0,0.49795,0,100,0,12.912,0,0.12912,0,0.24059,0
119,50,1200,49,1,1,1,0.99997,0,0.23855,0,100,0,29.235,0,0.29235,0,2.3296,0
120,50,1300,2,1,1,1,1,0,0.71239,0,100,0,1.2697,0,0.012697,0,0.012015,0
121,50,1300,5,1,1,1,1,0,0.684,0,100,0,3.9167,0,0.039167,0,0.033242,0
122,50,1300,10,1,1,1,0.99999,0,0.63754,0,100,0,6.4325,0,0.064325,0,0.071956,0
123,50,1300,25,1,1,1,0.99999,0,0.49898,0,100,0,16.229,0,0.16229,0,0.22737,0
124,50,1300,49,1,1,1,0.99996,0,0.23439,0,100,0,32.659,0,0.32659,0,2.317,0
125,50,1400,2,1,1,1,1,0,0.71247,0,100,0,1.4685,0,0.014685,0,0.011805,0
126,50,1400,5,1,1,1,1,0,0.68371,0,100,0,4.1739,0,0.041739,0,0.032059,0
127,50,1400,10,1,1,1,0.99999,0,0.6403,0,100,0,7.1934,0,0.071934,0,0.096603,0
128,50,1400,25,1,1,1,0.99999,0,0.49897,0,100,0,16.442,0,0.16442,0,0.22217,0
129,50,1400,49,1,1,1,0.99995,0,0.22961,0,100,0,42.052,0,0.42052,0,2.1792,0
130,50,1500,2,1,1,1,1,0,0.71236,0,100,0,1.4414,0,0.014414,0,0.011168,0
131,50,1500,5,1,1,1,1,0,0.68513,0,100,0,5.5699,0,0.055699,0,0.030181,0
132,50,1500,10,1,1,1,0.99999,0,0.64037,0,100,0,7.0034,0,0.070034,0,0.064087,0
133,50,1500,25,1,1,1,0.99999,0,0.50021,0,100,0,20.083,0,0.20083,0,0.23245,0
134,50,1500,49,1,1,1,0.99996,0,0.22863,0,100,0,48.07,0,0.4807,0,2.0879,0
135,100,10,2,1,1,1,1,0,0.68816,0,100,0,0.029439,0,0.00029439,0,0.11524,0
136,100,10,5,1,1,1,1,0,0.56245,0,100,0,0.044771,0,0.00044771,0,0.38385,0
137,100,10,9,1,1,1,1,0,0.4628,0,100,0,0.080665,0,0.00080665,0,1.4239,0
138,100,50,2,1,1,1,1,0,0.70988,0,100,0,0.034721,0,0.00034721,0,0.044776,0
139,100,50,5,1,1,1,1,0,0.67195,0,100,0,0.051048,0,0.00051048,0,0.12036,0
140,100,50,10,1,1,1,1,0,0.62126,0,100,0,0.11237,0,0.0011237,0,0.27316,0
141,100,50,25,1,1,1,1,0,0.47774,0,100,0,0.3469,0,0.003469,0,1.0861,0
142,100,50,49,1,1,1,1,0,0.40665,0,100,0,0.9319,0,0.009319,0,6.1128,0
143,100,100,2,1,1,1,1,0,0.71748,0,100,0,0.055867,0,0.00055867,0,0.03082,0
144,100,100,5,1,1,1,1,0,0.68453,0,100,0,0.0773,0,0.000773,0,0.082151,0
145,100,100,10,1,1,1,1,0,0.64129,0,100,0,0.15667,0,0.0015667,0,0.18058,0
146,100,100,25,1,1,1,1,0,0.52495,0,100,0,0.43222,0,0.0043222,0,0.60355,0
147,100,100,50,1,1,1,1,0,0.41404,0,100,0,1.203,0,0.01203,0,2.1074,0
148,100,100,99,1,1,1,1,0,0.38129,0,100,0,5.2258,0,0.052258,0,9.2712,0
149,100,200,2,1,1,1,1,0,0.71827,0,100,0,0.10743,0,0.0010743,0,0.02187,0
150,100,200,5,1,1,1,1,0,0.69547,0,100,0,0.1307,0,0.001307,0,0.059267,0
151,100,200,10,1,1,1,1,0,0.6562,0,100,0,0.21572,0,0.0021572,0,0.12833,0
152,100,200,25,1,1,1,1,0,0.5572,0,100,0,0.63801,0,0.0063801,0,0.374,0
153,100,200,50,1,1,1,1,0,0.43333,0,100,0,1.9959,0,0.019959,0,1.132,0
154,100,200,99,1,1,1,1,0,0.33618,0,100,0,6.9584,0,0.069584,0,8.653,0
155,100,300,2,1,1,1,1,0,0.71988,0,100,0,0.13194,0,0.0013194,0,0.017712,0
156,100,300,5,1,1,1,1,0,0.69762,0,100,0,0.17055,0,0.0017055,0,0.046526,0
157,100,300,10,1,1,1,1,0,0.66581,0,100,0,0.32461,0,0.0032461,0,0.097345,0
158,100,300,25,1,1,1,1,0,0.57006,0,100,0,1.0454,0,0.010454,0,0.29264,0
159,100,300,50,1,1,1,1,0,0.44647,0,100,0,3.1188,0,0.031188,0,0.83718,0
160,100,300,99,1,1,1,1,0,0.31064,0,100,0,12.665,0,0.12665,0,7.6903,0
161,100,400,2,1,1,1,1,0,0.71742,0,100,0,0.27413,0,0.0027413,0,0.016522,0
162,100,400,5,1,1,1,1,0,0.69858,0,100,0,0.6381,0,0.006381,0,0.053384,0
163,100,400,10,1,1,1,1,0,0.66757,0,100,0,1.0386,0,0.010386,0,0.090073,0
164,100,400,25,1,1,1,1,0,0.58332,0,100,0,3.3593,0,0.033593,0,0.24622,0
165,100,400,50,1,1,1,0.99999,0,0.45534,0,100,0,7.6224,0,0.076224,0,0.688,0
166,100,400,99,1,1,1,0.99999,0,0.28942,0,100,0,20.602,0,0.20602,0,6.9961,0
167,100,500,2,1,1,1,1,0,0.71893,0,100,0,0.37963,0,0.0037963,0,0.018438,0
168,100,500,5,1,1,1,1,0,0.69875,0,100,0,0.76821,0,0.0076821,0,0.035254,0
169,100,500,10,1,1,1,1,0,0.6689,0,100,0,1.4019,0,0.014019,0,0.074713,0
170,100,500,25,1,1,1,1,0,0.58371,0,100,0,3.7871,0,0.037871,0,0.21853,0
171,100,500,50,1,1,1,0.99999,0,0.45989,0,100,0,9.2028,0,0.092028,0,0.59616,0
172,100,500,99,1,1,1,0.99998,0,0.27595,0,100,0,27.373,0,0.27373,0,6.6417,0
173,100,600,2,1,1,1,1,0,0.71939,0,100,0,0.44386,0,0.0044386,0,0.012551,0
174,100,600,5,1,1,1,1,0,0.6995,0,100,0,0.8882,0,0.008882,0,0.0327,0
175,100,600,10,1,1,1,0.99999,0,0.67066,0,100,0,1.6682,0,0.016682,0,0.084834,0
176,100,600,25,1,1,1,0.99999,0,0.58777,0,100,0,4.7448,0,0.047448,0,0.1972,0
177,100,600,50,1,1,1,0.99999,0,0.4657,0,100,0,11.713,0,0.11713,0,0.52963,0
178,100,600,99,1,1,1,0.99998,0,0.2645,0,100,0,31.898,0,0.31898,0,6.3091,0
179,100,700,2,1,1,1,1,0,0.71934,0,100,0,0.56213,0,0.0056213,0,0.016989,0
180,100,700,5,1,1,1,0.99999,0,0.7002,0,100,0,1.1244,0,0.011244,0,0.034385,0
181,100,700,10,1,1,1,0.99999,0,0.6723,0,100,0,2.1724,0,0.021724,0,0.0655,0
182,100,700,25,1,1,1,0.99999,0,0.59221,0,100,0,5.8935,0,0.058935,0,0.18853,0
183,100,700,50,1,1,1,0.99999,0,0.4684,0,100,0,13.975,0,0.13975,0,0.48435,0
184,100,700,99,1,1,1,0.99997,0,0.25648,0,100,0,40.16,0,0.4016,0,5.8464,0
185,100,800,2,1,1,1,1,0,0.71876,0,100,0,0.5569,0,0.005569,0,0.010569,0
186,100,800,5,1,1,1,1,0,0.70111,0,100,0,1.1913,0,0.011913,0,0.028515,0
187,100,800,10,1,1,1,0.99999,0,0.67312,0,100,0,2.4089,0,0.024089,0,0.058984,0
188,100,800,25,1,1,1,0.99999,0,0.59383,0,100,0,6.7713,0,0.067713,0,0.16852,0
189,100,800,50,1,1,1,0.99999,0,0.46913,0,100,0,15.261,0,0.15261,0,0.45232,0
190,100,800,99,1,1,1,0.99996,0,0.24835,0,100,0,44.355,0,0.44355,0,5.601,0
191,100,900,2,1,1,1,1,0,0.7192,0,100,0,0.74936,0,0.0074936,0,0.010844,0
192,100,900,5,1,1,1,1,0,0.7015,0,100,0,1.4432,0,0.014432,0,0.027129,0
193,100,900,10,1,1,1,0.99999,0,0.67459,0,100,0,2.7333,0,0.027333,0,0.064936,0
194,100,900,25,1,1,1,0.99999,0,0.59532,0,100,0,7.2079,0,0.072079,0,0.16086,0
195,100,900,50,1,1,1,0.99999,0,0.47431,0,100,0,17.842,0,0.17842,0,0.41644,0
196,100,900,99,1,1,1,0.99995,0,0.24245,0,100,0,53.711,0,0.53711,0,5.2325,0
197,100,1000,2,1,1,1,1,0,0.71821,0,100,0,0.75577,0,0.0075577,0,0.0094328,0
198,100,1000,5,1,1,1,1,0,0.70152,0,100,0,1.5969,0,0.015969,0,0.024871,0
199,100,1000,10,1,1,1,0.99999,0,0.67697,0,100,0,3.2424,0,0.032424,0,0.05327,0
200,100,1000,25,1,1,1,0.99999,0,0.59896,0,100,0,8.4542,0,0.084542,0,0.14798,0
201,100,1000,50,1,1,1,0.99998,0,0.47602,0,100,0,23.203,0,0.23203,0,0.41022,0
202,100,1000,99,1,1,1,0.99994,0,0.23628,0,100,0,56.757,0,0.56757,0,5.069,0
203,100,1100,2,1,1,1,1,0,0.71889,0,100,0,0.88582,0,0.0088582,0,0.011545,0
204,100,1100,5,1,1,1,0.99999,0,0.7023,0,100,0,1.9372,0,0.019372,0,0.024151,0
205,100,1100,10,1,1,1,0.99999,0,0.67623,0,100,0,3.7923,0,0.037923,0,0.053715,0
206,100,1100,25,1,1,1,0.99999,0,0.59913,0,100,0,10.297,0,0.10297,0,0.14757,0
207,100,1100,50,1,1,1,0.99998,0,0.47671,0,100,0,24.59,0,0.2459,0,0.3787,0
208,100,1100,99,1,1,1,0.99993,0,0.23155,0,100,0,69.831,0,0.69831,0,4.8227,0
209,100,1200,2,1,1,1,1,0,0.71838,0,100,0,1.0675,0,0.010675,0,0.014109,0
210,100,1200,5,1,1,1,1,0,0.70423,0,100,0,2.7296,0,0.027296,0,0.022584,0
211,100,1200,10,1,1,1,0.99999,0,0.67675,0,100,0,5.6862,0,0.056862,0,0.057576,0
212,100,1200,25,1,1,1,0.99999,0,0.60279,0,100,0,12.593,0,0.12593,0,0.15594,0
213,100,1200,50,1,1,1,0.99998,0,0.47786,0,100,0,28.328,0,0.28328,0,0.35423,0
214,100,1200,99,1,1,1,0.99992,0,0.22699,0,100,0,80.773,0,0.80773,0,4.6916,0
215,100,1300,2,1,1,1,1,0,0.71818,0,100,0,1.3569,0,0.013569,0,0.0090345,0
216,100,1300,5,1,1,1,0.99999,0,0.70377,0,100,0,2.9159,0,0.029159,0,0.03275,0
217,100,1300,10,1,1,1,0.99999,0,0.67657,0,100,0,5.9118,0,0.059118,0,0.046349,0
218,100,1300,25,1,1,1,0.99999,0,0.60358,0,100,0,15.02,0,0.1502,0,0.13126,0
219,100,1300,50,1,1,1,0.99998,0,0.48057,0,100,0,34.43,0,0.3443,0,0.3448,0
220,100,1300,99,1,1,1,0.9999,0,0.22347,0,100,0,94.094,0,0.94094,0,4.5136,0
221,100,1400,2,1,1,1,1,0,0.72022,0,100,0,1.5464,0,0.015464,0,0.0082284,0
222,100,1400,5,1,1,1,1,0,0.70274,0,100,0,3.1118,0,0.031118,0,0.021436,0
223,100,1400,10,1,1,1,0.99999,0,0.6781,0,100,0,6.4032,0,0.064032,0,0.044355,0
224,100,1400,25,1,1,1,0.99999,0,0.60352,0,100,0,15.908,0,0.15908,0,0.13747,0
225,100,1400,50,1,1,1,0.99998,0,0.48008,0,100,0,38.036,0,0.38036,0,0.32884,0
226,100,1400,99,1,1,1,0.9999,0,0.2195,0,100,0,108.77,0,1.0877,0,4.388,0
227,100,1500,2,1,1,1,1,0,0.71812,0,100,0,1.8317,0,0.018317,0,0.015725,0
228,100,1500,5,1,1,1,0.99999,0,0.70277,0,100,0,3.6174,0,0.036174,0,0.020664,0
229,100,1500,10,1,1,1,0.99999,0,0.67765,0,100,0,8.3707,0,0.083707,0,0.043029,0
230,100,1500,25,1,1,1,0.99999,0,0.60462,0,100,0,22.458,0,0.22458,0,0.13534,0
231,100,1500,50,1,1,1,0.99998,0,0.4821,0,100,0,42.886,0,0.42886,0,0.31595,0
232,100,1500,99,1,1,1,0.99989,0,0.21689,0,100,0,113.8,0,1.138,0,4.1792,0
233,200,10,2,1,1,1,1,0,0.6655,0,100,0,0.051348,0,0.00051348,0,0.076525,0
234,200,10,5,1,1,1,1,0,0.54955,0,100,0,0.093629,0,0.00093629,0,0.25962,0
235,200,10,9,1,1,1,1,0,0.40124,0,100,0,0.16717,0,0.0016717,0,1.0157,0
236,200,50,2,1,1,1,1,0,0.71345,0,100,0,0.085547,0,0.00085547,0,0.031,0
237,200,50,5,1,1,1,1,0,0.67571,0,100,0,0.12524,0,0.0012524,0,0.083773,0
238,200,50,10,1,1,1,1,0,0.62041,0,100,0,0.17892,0,0.0017892,0,0.19534,0
239,200,50,25,1,1,1,1,0,0.4812,0,100,0,0.53096,0,0.0053096,0,0.67408,0
240,200,50,49,1,1,1,1,0,0.35015,0,100,0,1.3855,0,0.013855,0,4.917,0
241,200,100,2,1,1,1,1,0,0.71836,0,100,0,0.10025,0,0.0010025,0,0.021775,0
242,200,100,5,1,1,1,1,0,0.69497,0,100,0,0.13483,0,0.0013483,0,0.056674,0
243,200,100,10,1,1,1,1,0,0.65434,0,100,0,0.24426,0,0.0024426,0,0.12173,0
244,200,100,25,1,1,1,1,0,0.55859,0,100,0,0.59989,0,0.0059989,0,0.37748,0
245,200,100,50,1,1,1,1,0,0.43729,0,100,0,1.8097,0,0.018097,0,1.1177,0
246,200,100,99,1,1,1,1,0,0.33573,0,100,0,6.602,0,0.06602,0,8.5992,0
247,200,200,2,1,1,1,1,0,0.7203,0,100,0,0.13861,0,0.0013861,0,0.015355,0
248,200,200,5,1,1,1,1,0,0.70073,0,100,0,0.19292,0,0.0019292,0,0.039332,0
249,200,200,10,1,1,1,1,0,0.67594,0,100,0,0.28708,0,0.0028708,0,0.082171,0
250,200,200,25,1,1,1,1,0,0.60141,0,100,0,0.83195,0,0.0083195,0,0.23527,0
251,200,200,50,1,1,1,1,0,0.49898,0,100,0,2.3957,0,0.023957,0,0.60796,0
252,200,200,100,1,1,1,1,0,0.36874,0,100,0,8.5951,0,0.085951,0,2.1903,0
253,200,200,150,1,1,1,1,0,0.32178,0,100,0,20.564,0,0.20564,0,6.7349,0
254,200,200,199,1,1,1,1,0,0.31794,0,100,0,42.282,0,0.42282,0,13.495,0
255,200,300,2,1,1,1,1,0,0.72189,0,100,0,0.17694,0,0.0017694,0,0.012617,0
256,200,300,5,1,1,1,1,0,0.70649,0,100,0,0.23649,0,0.0023649,0,0.033112,0
257,200,300,10,1,1,1,1,0,0.68228,0,100,0,0.39777,0,0.0039777,0,0.066449,0
258,200,300,25,1,1,1,1,0,0.61879,0,100,0,0.95491,0,0.0095491,0,0.18532,0
259,200,300,50,1,1,1,0.99999,0,0.52665,0,100,0,3.076,0,0.03076,0,0.45361,0
260,200,300,100,1,1,1,0.99999,0,0.39128,0,100,0,13.164,0,0.13164,0,1.4457,0
261,200,300,150,1,1,1,0.99999,0,0.31724,0,100,0,30.513,0,0.30513,0,4.0571,0
262,200,300,199,1,1,1,0.99999,0,0.29831,0,100,0,56.994,0,0.56994,0,12.968,0
263,200,400,2,1,1,1,1,0,0.71992,0,100,0,0.33358,0,0.0033358,0,0.011209,0
264,200,400,5,1,1,1,0.99999,0,0.70757,0,100,0,0.60871,0,0.0060871,0,0.030397,0
265,200,400,10,1,1,1,0.99999,0,0.68574,0,100,0,1.1053,0,0.011053,0,0.059186,0
266,200,400,25,1,1,1,0.99999,0,0.62923,0,100,0,2.8959,0,0.028959,0,0.15795,0
267,200,400,50,1,1,1,0.99999,0,0.54077,0,100,0,7.0528,0,0.070528,0,0.37825,0
268,200,400,100,1,1,1,0.99999,0,0.40545,0,100,0,20.326,0,0.20326,0,1.1467,0
269,200,400,150,1,1,1,0.99998,0,0.31836,0,100,0,41.55,0,0.4155,0,3.0359,0
270,200,400,199,1,1,1,0.99998,0,0.28077,0,100,0,73.565,0,0.73565,0,12.3,0
271,200,500,2,1,1,1,1,0,0.72219,0,100,0,0.43913,0,0.0043913,0,0.0118,0
272,200,500,5,1,1,1,0.99999,0,0.70838,0,100,0,0.84292,0,0.0084292,0,0.024831,0
273,200,500,10,1,1,1,0.99999,0,0.68941,0,100,0,1.5427,0,0.015427,0,0.053292,0
274,200,500,25,1,1,1,0.99999,0,0.6341,0,100,0,4.7544,0,0.047544,0,0.13982,0
275,200,500,50,1,1,1,0.99999,0,0.55418,0,100,0,9.1233,0,0.091233,0,0.32901,0
276,200,500,100,1,1,1,0.99998,0,0.41691,0,100,0,27.482,0,0.27482,0,0.9605,0
277,200,500,150,1,1,1,0.99997,0,0.31792,0,100,0,56.146,0,0.56146,0,2.5164,0
278,200,500,199,1,1,1,0.99996,0,0.26777,0,100,0,94.228,0,0.94228,0,11.548,0
279,200,600,2,1,1,1,1,0,0.7216,0,100,0,0.47911,0,0.0047911,0,0.011563,0
280,200,600,5,1,1,1,0.99999,0,0.70892,0,100,0,0.86301,0,0.0086301,0,0.02516,0
281,200,600,10,1,1,1,0.99999,0,0.69157,0,100,0,1.6177,0,0.016177,0,0.05223,0
282,200,600,25,1,1,1,0.99999,0,0.63856,0,100,0,4.5513,0,0.045513,0,0.1342,0
283,200,600,50,1,1,1,0.99999,0,0.55919,0,100,0,10.965,0,0.10965,0,0.29378,0
284,200,600,100,1,1,1,0.99998,0,0.42479,0,100,0,31.225,0,0.31225,0,0.84453,0
285,200,600,150,1,1,1,0.99996,0,0.32104,0,100,0,62.229,0,0.62229,0,2.1189,0
1,10,10,2,1,1,1,1,0,0.70803,0,100,0,0.078737,0,0.00078737,0,0.34718,0
2,10,10,5,1,1,1,1,0,0.71975,0,100,0,0.022007,0,0.00022007,0,1.3678,0
3,10,10,9,1,1,1,1,0,0.67269,0,100,0,0.030372,0,0.00030372,0,2.4487,0
4,10,50,2,1,1,1,1,0,0.65795,0,100,0,0.019155,0,0.00019155,0,0.16005,0
5,10,50,5,1,1,1,1,0,0.59734,0,100,0,0.028432,0,0.00028432,0,0.56063,0
6,10,50,9,1,1,1,1,0,0.52371,0,100,0,0.0469,0,0.000469,0,1.897,0
7,10,100,2,1,1,1,1,0,0.67434,0,100,0,0.02023,0,0.0002023,0,0.10806,0
8,10,100,5,1,1,1,1,0,0.57531,0,100,0,0.037062,0,0.00037062,0,0.36252,0
9,10,100,9,1,1,1,1,0,0.44522,0,100,0,0.090126,0,0.00090126,0,1.4249,0
10,10,200,2,1,1,1,1,0,0.67129,0,100,0,0.043664,0,0.00043664,0,0.076048,0
11,10,200,5,1,1,1,1,0,0.54599,0,100,0,0.097968,0,0.00097968,0,0.2581,0
12,10,200,9,1,1,1,1,0,0.40231,0,100,0,0.14735,0,0.0014735,0,0.99786,0
13,10,300,2,1,1,1,1,0,0.66522,0,100,0,0.088302,0,0.00088302,0,0.062245,0
14,10,300,5,1,1,1,1,0,0.54978,0,100,0,0.11494,0,0.0011494,0,0.2039,0
15,10,300,9,1,1,1,0.99999,0,0.37633,0,100,0,0.1626,0,0.001626,0,0.83587,0
16,10,400,2,1,1,1,1,0,0.65315,0,100,0,0.21257,0,0.0021257,0,0.054364,0
17,10,400,5,1,1,1,1,0,0.53741,0,100,0,0.43463,0,0.0043463,0,0.17774,0
18,10,400,9,1,1,1,1,0,0.35972,0,100,0,0.77565,0,0.0077565,0,0.72965,0
19,10,500,2,1,1,1,1,0,0.66354,0,100,0,0.25067,0,0.0025067,0,0.047979,0
20,10,500,5,1,1,1,1,0,0.53204,0,100,0,0.53216,0,0.0053216,0,0.15858,0
21,10,500,9,1,1,1,1,0,0.34851,0,100,0,0.99673,0,0.0099673,0,0.6506,0
22,50,10,2,1,1,1,1,0,0.67726,0,100,0,0.015312,0,0.00015312,0,0.16196,0
23,50,10,5,1,1,1,1,0,0.5706,0,100,0,0.024677,0,0.00024677,0,0.58847,0
24,50,10,9,1,1,1,1,0,0.52559,0,100,0,0.036155,0,0.00036155,0,1.8434,0
25,50,50,2,1,1,1,1,0,0.70559,0,100,0,0.026226,0,0.00026227,0,0.063998,0
26,50,50,5,1,1,1,1,0,0.65776,0,100,0,0.032086,0,0.00032086,0,0.17677,0
27,50,50,10,1,1,1,1,0,0.58519,0,100,0,0.056829,0,0.00056829,0,0.42707,0
28,50,50,25,1,1,1,1,0,0.47354,0,100,0,0.22755,0,0.0022755,0,1.8869,0
29,50,50,49,1,1,1,1,0,0.46608,0,100,0,0.5837,0,0.005837,0,6.4093,0
30,50,100,2,1,1,1,1,0,0.71219,0,100,0,0.036311,0,0.00036311,0,0.044188,0
31,50,100,5,1,1,1,1,0,0.66838,0,100,0,0.043692,0,0.00043692,0,0.11916,0
32,50,100,10,1,1,1,1,0,0.61057,0,100,0,0.093851,0,0.00093851,0,0.27485,0
33,50,100,25,1,1,1,1,0,0.47356,0,100,0,0.27833,0,0.0027833,0,1.0856,0
34,50,100,49,1,1,1,1,0,0.40683,0,100,0,0.8326,0,0.008326,0,6.0245,0
35,50,200,2,1,1,1,1,0,0.71245,0,100,0,0.083001,0,0.00083001,0,0.031503,0
36,50,200,5,1,1,1,1,0,0.67743,0,100,0,0.11188,0,0.0011188,0,0.083178,0
37,50,200,10,1,1,1,1,0,0.62554,0,100,0,0.17879,0,0.0017879,0,0.18475,0
38,50,200,25,1,1,1,1,0,0.48618,0,100,0,0.44283,0,0.0044283,0,0.67589,0
39,50,200,49,1,1,1,1,0,0.35149,0,100,0,1.3516,0,0.013516,0,5.0137,0
40,50,300,2,1,1,1,1,0,0.7136,0,100,0,0.095018,0,0.00095018,0,0.025176,0
41,50,300,5,1,1,1,1,0,0.6745,0,100,0,0.12547,0,0.0012547,0,0.073128,0
42,50,300,10,1,1,1,1,0,0.62647,0,100,0,0.21856,0,0.0021856,0,0.14973,0
43,50,300,25,1,1,1,1,0,0.48892,0,100,0,0.58985,0,0.0058985,0,0.52614,0
44,50,300,49,1,1,1,1,0,0.32023,0,100,0,1.8233,0,0.018233,0,4.3463,0
45,50,400,2,1,1,1,1,0,0.716,0,100,0,0.245,0,0.00245,0,0.021986,0
46,50,400,5,1,1,1,1,0,0.68134,0,100,0,0.52008,0,0.0052008,0,0.058077,0
47,50,400,10,1,1,1,1,0,0.62825,0,100,0,0.92231,0,0.0092231,0,0.13199,0
48,50,400,25,1,1,1,1,0,0.48989,0,100,0,2.6348,0,0.026348,0,0.44828,0
49,50,400,49,1,1,1,1,0,0.30046,0,100,0,5.9086,0,0.059086,0,3.8458,0
50,50,500,2,1,1,1,1,0,0.71383,0,100,0,0.31675,0,0.0031675,0,0.019628,0
51,50,500,5,1,1,1,1,0,0.68111,0,100,0,0.62168,0,0.0062168,0,0.051863,0
52,50,500,10,1,1,1,1,0,0.63044,0,100,0,1.2812,0,0.012812,0,0.11315,0
53,50,500,25,1,1,1,1,0,0.49192,0,100,0,3.6786,0,0.036786,0,0.40384,0
54,50,500,49,1,1,1,1,0,0.28762,0,100,0,7.4716,0,0.074716,0,3.5338,0
55,100,10,2,1,1,1,1,0,0.67495,0,100,0,0.022339,0,0.00022339,0,0.11215,0
56,100,10,5,1,1,1,1,0,0.56869,0,100,0,0.039327,0,0.00039327,0,0.37168,0
57,100,10,9,1,1,1,1,0,0.46521,0,100,0,0.080647,0,0.00080647,0,1.3281,0
58,100,50,2,1,1,1,1,0,0.71191,0,100,0,0.030612,0,0.00030612,0,0.04473,0
59,100,50,5,1,1,1,1,0,0.67008,0,100,0,0.047096,0,0.00047096,0,0.12027,0
60,100,50,10,1,1,1,1,0,0.60724,0,100,0,0.10005,0,0.0010005,0,0.28099,0
61,100,50,25,1,1,1,1,0,0.47916,0,100,0,0.2915,0,0.002915,0,1.1009,0
62,100,50,49,1,1,1,1,0,0.40667,0,100,0,0.8172,0,0.008172,0,5.981,0
63,100,100,2,1,1,1,1,0,0.71927,0,100,0,0.061279,0,0.00061279,0,0.03109,0
64,100,100,5,1,1,1,1,0,0.68751,0,100,0,0.084788,0,0.00084788,0,0.082219,0
65,100,100,10,1,1,1,1,0,0.638,0,100,0,0.16687,0,0.0016687,0,0.18149,0
66,100,100,25,1,1,1,1,0,0.52571,0,100,0,0.40495,0,0.0040495,0,0.59309,0
67,100,100,50,1,1,1,1,0,0.41121,0,100,0,1.0829,0,0.010829,0,2.0864,0
68,100,100,99,1,1,1,1,0,0.38244,0,100,0,4.4729,0,0.044729,0,9.3158,0
69,100,200,2,1,1,1,1,0,0.7203,0,100,0,0.10176,0,0.0010176,0,0.021663,0
70,100,200,5,1,1,1,1,0,0.69162,0,100,0,0.14265,0,0.0014265,0,0.056603,0
71,100,200,10,1,1,1,1,0,0.6555,0,100,0,0.27698,0,0.0027698,0,0.13745,0
72,100,200,25,1,1,1,1,0,0.5538,0,100,0,0.6936,0,0.006936,0,0.37318,0
73,100,200,50,1,1,1,0.99999,0,0.43863,0,100,0,1.9536,0,0.019536,0,1.1116,0
74,100,200,99,1,1,1,1,0,0.338,0,100,0,6.1065,0,0.061065,0,8.5872,0
75,100,300,2,1,1,1,1,0,0.71765,0,100,0,0.12593,0,0.0012593,0,0.018012,0
76,100,300,5,1,1,1,1,0,0.6966,0,100,0,0.20607,0,0.0020607,0,0.046649,0
77,100,300,10,1,1,1,1,0,0.66192,0,100,0,0.26614,0,0.0026614,0,0.097631,0
78,100,300,25,1,1,1,1,0,0.57029,0,100,0,0.83613,0,0.0083613,0,0.29723,0
79,100,300,50,1,1,1,1,0,0.44805,0,100,0,2.4529,0,0.024529,0,0.83787,0
80,100,300,99,1,1,1,1,0,0.31013,0,100,0,10.968,0,0.10968,0,7.854,0
81,100,400,2,1,1,1,1,0,0.71905,0,100,0,0.41026,0,0.0041026,0,0.015249,0
82,100,400,5,1,1,1,1,0,0.69809,0,100,0,0.5907,0,0.005907,0,0.039611,0
83,100,400,10,1,1,1,1,0,0.66685,0,100,0,1.1156,0,0.011156,0,0.083955,0
84,100,400,25,1,1,1,1,0,0.581,0,100,0,2.716,0,0.02716,0,0.25033,0
85,100,400,50,1,1,1,1,0,0.45689,0,100,0,6.935,0,0.06935,0,0.6843,0
86,100,400,99,1,1,1,0.99999,0,0.28994,0,100,0,17.637,0,0.17637,0,7.1487,0
87,100,500,2,1,1,1,1,0,0.71636,0,100,0,0.33248,0,0.0033248,0,0.013643,0
88,100,500,5,1,1,1,1,0,0.70005,0,100,0,0.6335,0,0.006335,0,0.035389,0
89,100,500,10,1,1,1,1,0,0.67103,0,100,0,1.244,0,0.01244,0,0.075362,0
90,100,500,25,1,1,1,1,0,0.58595,0,100,0,3.3213,0,0.033213,0,0.21718,0
91,100,500,50,1,1,1,0.99999,0,0.46325,0,100,0,7.817,0,0.07817,0,0.59019,0
92,100,500,99,1,1,1,0.99998,0,0.27586,0,100,0,22.444,0,0.22444,0,6.6529,0
93,200,10,2,1,1,1,1,0,0.67431,0,100,0,0.046223,0,0.00046223,0,0.077567,0
94,200,10,5,1,1,1,1,0,0.5567,0,100,0,0.084514,0,0.00084514,0,0.25939,0
95,200,10,9,1,1,1,1,0,0.40442,0,100,0,0.11828,0,0.0011828,0,1.0166,0
96,200,50,2,1,1,1,1,0,0.71317,0,100,0,0.079909,0,0.00079909,0,0.031277,0
97,200,50,5,1,1,1,1,0,0.67683,0,100,0,0.11871,0,0.0011871,0,0.083261,0
98,200,50,10,1,1,1,1,0,0.61982,0,100,0,0.17624,0,0.0017624,0,0.18621,0
99,200,50,25,1,1,1,1,0,0.48597,0,100,0,0.46464,0,0.0046464,0,0.67639,0
100,200,50,49,1,1,1,1,0,0.3497,0,100,0,1.4561,0,0.014561,0,4.921,0
101,200,100,2,1,1,1,1,0,0.71892,0,100,0,0.096784,0,0.00096784,0,0.021746,0
102,200,100,5,1,1,1,1,0,0.69318,0,100,0,0.13313,0,0.0013313,0,0.057016,0
103,200,100,10,1,1,1,1,0,0.65626,0,100,0,0.21883,0,0.0021883,0,0.1305,0
104,200,100,25,1,1,1,1,0,0.55543,0,100,0,0.58149,0,0.0058149,0,0.37552,0
105,200,100,50,1,1,1,1,0,0.43615,0,100,0,1.7669,0,0.017669,0,1.1254,0
106,200,100,99,1,1,1,1,0,0.33726,0,100,0,6.6643,0,0.066643,0,8.6619,0
107,200,200,2,1,1,1,1,0,0.72078,0,100,0,0.13183,0,0.0013183,0,0.022019,0
108,200,200,5,1,1,1,1,0,0.70227,0,100,0,0.18711,0,0.0018711,0,0.039636,0
109,200,200,10,1,1,1,1,0,0.67614,0,100,0,0.32776,0,0.0032776,0,0.084419,0
110,200,200,25,1,1,1,1,0,0.60019,0,100,0,0.91447,0,0.0091447,0,0.23707,0
111,200,200,50,1,1,1,1,0,0.49908,0,100,0,3.0862,0,0.030862,0,0.60669,0
112,200,200,100,1,1,1,1,0,0.3698,0,100,0,9.1202,0,0.091202,0,2.175,0
113,200,200,150,1,1,1,1,0,0.32242,0,100,0,21.723,0,0.21723,0,6.7949,0
114,200,200,199,1,1,1,1,0,0.3173,0,100,0,43.044,0,0.43044,0,13.455,0
115,200,300,2,1,1,1,1,0,0.71831,0,100,0,0.16773,0,0.0016773,0,0.012544,0
116,200,300,5,1,1,1,1,0,0.70481,0,100,0,0.22101,0,0.0022101,0,0.032042,0
117,200,300,10,1,1,1,1,0,0.68139,0,100,0,0.36151,0,0.0036151,0,0.066791,0
118,200,300,25,1,1,1,0.99999,0,0.61688,0,100,0,0.9404,0,0.009404,0,0.18944,0
119,200,300,50,1,1,1,0.99999,0,0.52716,0,100,0,3.1009,0,0.031009,0,0.45625,0
120,200,300,100,1,1,1,0.99999,0,0.39305,0,100,0,12.729,0,0.12729,0,1.4491,0
121,200,300,150,1,1,1,0.99999,0,0.31836,0,100,0,30.764,0,0.30764,0,4.0855,0
122,200,300,199,1,1,1,0.99999,0,0.29697,0,100,0,59.312,0,0.59312,0,13.084,0
123,200,400,2,1,1,1,1,0,0.72096,0,100,0,0.32644,0,0.0032644,0,0.011938,0
124,200,400,5,1,1,1,0.99999,0,0.70878,0,100,0,0.6414,0,0.006414,0,0.027801,0
125,200,400,10,1,1,1,0.99999,0,0.68541,0,100,0,1.0889,0,0.010889,0,0.059673,0
126,200,400,25,1,1,1,0.99999,0,0.62682,0,100,0,2.8544,0,0.028544,0,0.16408,0
127,200,400,50,1,1,1,0.99999,0,0.54058,0,100,0,6.9961,0,0.069961,0,0.37893,0
128,200,400,100,1,1,1,0.99998,0,0.40591,0,100,0,21.229,0,0.21229,0,1.1497,0
129,200,400,150,1,1,1,0.99998,0,0.31716,0,100,0,43.323,0,0.43323,0,3.0467,0
130,200,400,199,1,1,1,0.99998,0,0.28095,0,100,0,74.34,0,0.7434,0,12.222,0
131,200,500,2,1,1,1,0.99999,0,0.72269,0,100,0,0.39111,0,0.0039111,0,0.02724,0
132,200,500,5,1,1,1,0.99999,0,0.70961,0,100,0,0.71025,0,0.0071025,0,0.03339,0
133,200,500,10,1,1,1,0.99999,0,0.68997,0,100,0,1.3145,0,0.013145,0,0.065949,0
134,200,500,25,1,1,1,0.99999,0,0.63307,0,100,0,3.5993,0,0.035993,0,0.13911,0
135,200,500,50,1,1,1,0.99999,0,0.55252,0,100,0,8.8117,0,0.088117,0,0.32927,0
136,200,500,100,1,1,1,0.99998,0,0.41574,0,100,0,25.116,0,0.25116,0,0.9672,0
137,200,500,150,1,1,1,0.99997,0,0.31936,0,100,0,50.302,0,0.50302,0,2.4829,0
138,200,500,199,1,1,1,0.99996,0,0.26777,0,100,0,89.881,0,0.89881,0,11.58,0
139,300,10,2,1,1,1,1,0,0.66753,0,100,0,0.077941,0,0.00077941,0,0.062483,0
140,300,10,5,1,1,1,1,0,0.54425,0,100,0,0.12134,0,0.0012134,0,0.20742,0
141,300,10,9,1,1,1,1,0,0.37016,0,100,0,0.19271,0,0.0019271,0,0.85933,0
142,300,50,2,1,1,1,1,0,0.71173,0,100,0,0.099621,0,0.00099621,0,0.025314,0
143,300,50,5,1,1,1,1,0,0.68056,0,100,0,0.14976,0,0.0014976,0,0.068595,0
144,300,50,10,1,1,1,1,0,0.628,0,100,0,0.21991,0,0.0021991,0,0.14859,0
145,300,50,25,1,1,1,1,0,0.4855,0,100,0,0.62642,0,0.0062642,0,0.52691,0
146,300,50,49,1,1,1,1,0,0.3203,0,100,0,2.1066,0,0.021066,0,4.2656,0
147,300,100,2,1,1,1,1,0,0.71803,0,100,0,0.14295,0,0.0014295,0,0.017661,0
148,300,100,5,1,1,1,0.99999,0,0.69826,0,100,0,0.17773,0,0.0017773,0,0.052411,0
149,300,100,10,1,1,1,1,0,0.66396,0,100,0,0.32174,0,0.0032174,0,0.099395,0
150,300,100,25,1,1,1,1,0,0.57047,0,100,0,0.75581,0,0.0075581,0,0.29575,0
151,300,100,50,1,1,1,1,0,0.44883,0,100,0,2.4643,0,0.024643,0,0.82992,0
152,300,100,99,1,1,1,1,0,0.30839,0,100,0,11.298,0,0.11298,0,7.8351,0
153,300,200,2,1,1,1,1,0,0.72136,0,100,0,0.15925,0,0.0015925,0,0.012492,0
154,300,200,5,1,1,1,1,0,0.70643,0,100,0,0.23301,0,0.0023301,0,0.033924,0
155,300,200,10,1,1,1,1,0,0.68239,0,100,0,0.36117,0,0.0036117,0,0.068723,0
156,300,200,25,1,1,1,1,0,0.61981,0,100,0,0.96489,0,0.0096489,0,0.19024,0
157,300,200,50,1,1,1,0.99999,0,0.52696,0,100,0,3.0118,0,0.030118,0,0.45671,0
158,300,200,100,1,1,1,0.99999,0,0.39127,0,100,0,13.35,0,0.1335,0,1.4533,0
159,300,200,150,1,1,1,1,0,0.31727,0,100,0,31.424,0,0.31424,0,4.0942,0
160,300,200,199,1,1,1,1,0,0.29759,0,100,0,58.463,0,0.58463,0,13.059,0
161,300,300,2,1,1,1,0.99999,0,0.72102,0,100,0,0.22165,0,0.0022165,0,0.010902,0
162,300,300,5,1,1,1,0.99999,0,0.71053,0,100,0,0.29342,0,0.0029342,0,0.030413,0
163,300,300,10,1,1,1,0.99999,0,0.69012,0,100,0,0.49608,0,0.0049608,0,0.053466,0
164,300,300,25,1,1,1,0.99999,0,0.63549,0,100,0,1.2841,0,0.012841,0,0.14946,0
165,300,300,50,1,1,1,0.99999,0,0.5561,0,100,0,3.984,0,0.03984,0,0.34821,0
166,300,300,100,1,1,1,0.99999,0,0.43108,0,100,0,18.493,0,0.18493,0,0.98111,0
167,300,300,150,1,1,1,0.99998,0,0.34586,0,100,0,41.585,0,0.41585,0,2.2262,0
168,300,300,200,1,1,1,0.99999,0,0.30131,0,100,0,71.846,0,0.71846,0,4.9484,0
169,300,300,250,1,1,1,1,0,0.2867,0,100,0,121.38,0,1.2138,0,10.859,0
170,300,300,299,1,1,1,1,0,0.28513,0,100,0,206.04,0,2.0604,0,16.684,0
1,10,10,2,1,1,1,1,0,0.70212,0,100,0,0.062035,0,0.00062035,0,0.4107,0
2,10,10,5,1,1,1,1,0,0.69284,0,100,0,0.021185,0,0.00021185,0,1.371,0
3,10,10,9,1,1,1,1,0,0.70828,0,100,0,0.029837,0,0.00029837,0,2.3462,0
4,10,50,2,1,1,1,1,0,0.68683,0,100,0,0.015726,0,0.00015726,0,0.1509,0
5,10,50,5,1,1,1,1,0,0.5841,0,100,0,0.027283,0,0.00027283,0,0.55336,0
6,10,50,9,1,1,1,1,0,0.51815,0,100,0,0.041106,0,0.00041106,0,1.8491,0
7,10,100,2,1,1,1,1,0,0.67015,0,100,0,0.021112,0,0.00021112,0,0.1116,0
8,10,100,5,1,1,1,1,0,0.55745,0,100,0,0.034549,0,0.00034549,0,0.39232,0
9,10,100,9,1,1,1,1,0,0.46047,0,100,0,0.090162,0,0.00090162,0,1.4089,0
10,10,200,2,1,1,1,1,0,0.6701,0,100,0,0.039483,0,0.00039483,0,0.077305,0
11,10,200,5,1,1,1,1,0,0.55279,0,100,0,0.097796,0,0.00097796,0,0.25806,0
12,10,200,9,1,1,1,1,0,0.40315,0,100,0,0.12139,0,0.0012139,0,1.0195,0
13,10,300,2,1,1,1,1,0,0.67005,0,100,0,0.072035,0,0.00072035,0,0.062392,0
14,10,300,5,1,1,1,1,0,0.5491,0,100,0,0.10934,0,0.0010934,0,0.20968,0
15,10,300,9,1,1,1,1,0,0.38174,0,100,0,0.18137,0,0.0018137,0,0.82272,0
16,10,400,2,1,1,1,1,0,0.66467,0,100,0,0.23767,0,0.0023767,0,0.053234,0
17,10,400,5,1,1,1,0.99999,0,0.54423,0,100,0,0.44155,0,0.0044155,0,0.17888,0
1,10,10,2,1,1,1,1,0,0.69165,0,100,0,0.016646,0,0.00016646,0,0.40649,0
2,10,10,5,1,1,1,1,0,0.7287,0,100,0,0.019355,0,0.00019355,0,1.4705,0
3,10,10,9,1,1,1,1,0,0.69613,0,100,0,0.031631,0,0.00031631,0,2.3395,0
4,10,50,2,1,1,1,1,0,0.67717,0,100,0,0.015865,0,0.00015865,0,0.16007,0
5,10,50,5,1,1,1,1,0,0.61745,0,100,0,0.027923,0,0.00027923,0,0.52362,0
6,10,50,9,1,1,1,1,0,0.52677,0,100,0,0.042066,0,0.00042066,0,1.7906,0
7,10,100,2,1,1,1,1,0,0.67469,0,100,0,0.020889,0,0.00020889,0,0.11288,0
8,10,100,5,1,1,1,1,0,0.57393,0,100,0,0.03528,0,0.0003528,0,0.37641,0
9,10,100,9,1,1,1,1,0,0.45005,0,100,0,0.076789,0,0.00076789,0,1.3943,0
10,10,200,2,1,1,1,1,0,0.66086,0,100,0,0.046621,0,0.00046621,0,0.075872,0
11,10,200,5,1,1,1,1,0,0.55254,0,100,0,0.077021,0,0.00077021,0,0.25508,0
12,10,200,9,1,1,1,1,0,0.40166,0,100,0,0.13575,0,0.0013575,0,1.0003,0
13,10,300,2,1,1,1,1,0,0.65709,0,100,0,0.053009,0,0.00053009,0,0.063138,0
14,10,300,5,1,1,1,1,0,0.54039,0,100,0,0.093674,0,0.00093674,0,0.20842,0
15,10,300,9,1,1,1,1,0,0.37538,0,100,0,0.16063,0,0.0016063,0,0.86613,0
16,10,400,2,1,1,1,1,0,0.66448,0,100,0,0.21302,0,0.0021302,0,0.053978,0
17,10,400,5,1,1,1,1,0,0.53568,0,100,0,0.50441,0,0.0050441,0,0.17836,0
18,10,400,9,1,1,1,1,0,0.35377,0,100,0,0.81991,0,0.0081991,0,0.74545,0
19,10,500,2,1,1,1,1,0,0.66323,0,100,0,0.26739,0,0.0026739,0,0.048252,0
20,10,500,5,1,1,1,1,0,0.53212,0,100,0,0.62881,0,0.0062881,0,0.15904,0
21,10,500,9,1,1,1,1,0,0.34506,0,100,0,1.1127,0,0.011127,0,0.64535,0
22,50,10,2,1,1,1,1,0,0.69571,0,100,0,0.016317,0,0.00016317,0,0.16014,0
23,50,10,5,1,1,1,1,0,0.57589,0,100,0,0.026286,0,0.00026286,0,0.57022,0
24,50,10,9,1,1,1,1,0,0.52645,0,100,0,0.041478,0,0.00041477,0,1.9062,0
25,50,50,2,1,1,1,1,0,0.71163,0,100,0,0.021946,0,0.00021946,0,0.063342,0
26,50,50,5,1,1,1,1,0,0.66363,0,100,0,0.032396,0,0.00032396,0,0.17448,0
27,50,50,10,1,1,1,1,0,0.58186,0,100,0,0.054086,0,0.00054086,0,0.42418,0
28,50,50,25,1,1,1,1,0,0.47818,0,100,0,0.26191,0,0.0026191,0,1.9431,0
29,50,50,49,1,1,1,1,0,0.4532,0,100,0,0.65004,0,0.0065004,0,6.3236,0
30,50,100,2,1,1,1,1,0,0.7175,0,100,0,0.02921,0,0.0002921,0,0.044704,0
31,50,100,5,1,1,1,1,0,0.66554,0,100,0,0.044908,0,0.00044908,0,0.11975,0
32,50,100,10,1,1,1,1,0,0.60242,0,100,0,0.11585,0,0.0011585,0,0.28057,0
33,50,100,25,1,1,1,1,0,0.47619,0,100,0,0.36132,0,0.0036132,0,1.0964,0
34,50,100,49,1,1,1,1,0,0.40776,0,100,0,0.91609,0,0.0091609,0,5.9626,0
35,50,200,2,1,1,1,1,0,0.71654,0,100,0,0.084428,0,0.00084428,0,0.031081,0
36,50,200,5,1,1,1,1,0,0.67841,0,100,0,0.12664,0,0.0012664,0,0.083095,0
37,50,200,10,1,1,1,1,0,0.61982,0,100,0,0.17895,0,0.0017895,0,0.18704,0
38,50,200,25,1,1,1,1,0,0.484,0,100,0,0.56226,0,0.0056226,0,0.67766,0
39,50,200,49,1,1,1,1,0,0.34866,0,100,0,1.5578,0,0.015578,0,4.9755,0
40,50,300,2,1,1,1,1,0,0.7116,0,100,0,0.10498,0,0.0010498,0,0.025268,0
41,50,300,5,1,1,1,1,0,0.67976,0,100,0,0.15296,0,0.0015296,0,0.067194,0
42,50,300,10,1,1,1,1,0,0.62615,0,100,0,0.24235,0,0.0024235,0,0.14996,0
43,50,300,25,1,1,1,1,0,0.49059,0,100,0,0.58912,0,0.0058912,0,0.52145,0
44,50,300,49,1,1,1,1,0,0.32169,0,100,0,1.9278,0,0.019278,0,4.3288,0
45,50,400,2,1,1,1,1,0,0.71574,0,100,0,0.32255,0,0.0032255,0,0.021884,0
46,50,400,5,1,1,1,1,0,0.68021,0,100,0,0.59167,0,0.0059167,0,0.057991,0
47,50,400,10,1,1,1,1,0,0.6303,0,100,0,0.91437,0,0.0091437,0,0.13083,0
48,50,400,25,1,1,1,1,0,0.49319,0,100,0,2.6503,0,0.026503,0,0.44203,0
49,50,400,49,1,1,1,1,0,0.30056,0,100,0,6.0395,0,0.060395,0,3.8519,0
50,50,500,2,1,1,1,1,0,0.71387,0,100,0,0.30371,0,0.0030371,0,0.019823,0
51,50,500,5,1,1,1,1,0,0.68296,0,100,0,0.5905,0,0.005905,0,0.051974,0
52,50,500,10,1,1,1,1,0,0.63331,0,100,0,1.1003,0,0.011003,0,0.11253,0
53,50,500,25,1,1,1,1,0,0.49401,0,100,0,3.2381,0,0.032381,0,0.39349,0
54,50,500,49,1,1,1,1,0,0.28655,0,100,0,7.8473,0,0.078473,0,3.543,0
55,100,10,2,1,1,1,1,0,0.67566,0,100,0,0.045622,0,0.00045622,0,0.109,0
56,100,10,5,1,1,1,1,0,0.57246,0,100,0,0.049803,0,0.00049803,0,0.37452,0
57,100,10,9,1,1,1,1,0,0.46164,0,100,0,0.10958,0,0.0010958,0,1.5102,0
58,100,50,2,1,1,1,1,0,0.71316,0,100,0,0.034826,0,0.00034826,0,0.045074,0
59,100,50,5,1,1,1,1,0,0.66819,0,100,0,0.051305,0,0.00051305,0,0.12051,0
60,100,50,10,1,1,1,1,0,0.60988,0,100,0,0.12167,0,0.0012167,0,0.28033,0
61,100,50,25,1,1,1,1,0,0.47216,0,100,0,0.33246,0,0.0033246,0,1.086,0
62,100,50,49,1,1,1,1,0,0.40206,0,100,0,0.89843,0,0.0089843,0,6.0319,0
63,100,100,2,1,1,1,1,0,0.71691,0,100,0,0.053683,0,0.00053683,0,0.03547,0
64,100,100,5,1,1,1,1,0,0.68389,0,100,0,0.081874,0,0.00081874,0,0.080672,0
65,100,100,10,1,1,1,1,0,0.63768,0,100,0,0.17191,0,0.0017191,0,0.17953,0
66,100,100,25,1,1,1,1,0,0.52508,0,100,0,0.48477,0,0.0048477,0,0.605,0
67,100,100,50,1,1,1,1,0,0.41355,0,100,0,1.4235,0,0.014235,0,2.1017,0
68,100,100,99,1,1,1,1,0,0.37862,0,100,0,4.636,0,0.04636,0,9.2945,0
69,100,200,2,1,1,1,1,0,0.72241,0,100,0,0.0988,0,0.000988,0,0.021752,0
1,10,10,2,1,1,1,1,0,0.70212,0,100,0,0.064727,0,0.00064727,0,0.4107,0
2,10,10,5,1,1,1,1,0,0.69284,0,100,0,0.021907,0,0.00021907,0,1.371,0
3,10,10,9,1,1,1,1,0,0.70828,0,100,0,0.031413,0,0.00031413,0,2.3462,0
4,10,50,2,1,1,1,1,0,0.68683,0,100,0,0.016389,0,0.00016389,0,0.1509,0
5,10,50,5,1,1,1,1,0,0.5841,0,100,0,0.028365,0,0.00028365,0,0.55336,0
6,10,50,9,1,1,1,1,0,0.51815,0,100,0,0.044338,0,0.00044338,0,1.8491,0
7,10,100,2,1,1,1,1,0,0.67015,0,100,0,0.020834,0,0.00020834,0,0.1116,0
8,10,100,5,1,1,1,1,0,0.55745,0,100,0,0.035781,0,0.00035781,0,0.39232,0
9,10,100,9,1,1,1,1,0,0.46047,0,100,0,0.10402,0,0.0010402,0,1.4089,0
10,10,200,2,1,1,1,1,0,0.6701,0,100,0,0.050169,0,0.0005017,0,0.077305,0
11,10,200,5,1,1,1,1,0,0.55279,0,100,0,0.084281,0,0.00084281,0,0.25806,0
12,10,200,9,1,1,1,1,0,0.40315,0,100,0,0.14038,0,0.0014038,0,1.0195,0
13,10,300,2,1,1,1,1,0,0.67005,0,100,0,0.097418,0,0.00097418,0,0.062392,0
14,10,300,5,1,1,1,1,0,0.5491,0,100,0,0.1236,0,0.001236,0,0.20968,0
15,10,300,9,1,1,1,1,0,0.38174,0,100,0,0.16107,0,0.0016107,0,0.82272,0
16,10,400,2,1,1,1,1,0,0.66467,0,100,0,0.19412,0,0.0019412,0,0.053234,0
17,10,400,5,1,1,1,0.99999,0,0.54423,0,100,0,0.44115,0,0.0044115,0,0.17888,0
18,10,400,9,1,1,1,1,0,0.36086,0,100,0,0.72549,0,0.0072549,0,0.70791,0
19,10,500,2,1,1,1,0.99999,0,0.65804,0,100,0,0.22271,0,0.0022271,0,0.049708,0
20,10,500,5,1,1,1,0.99995,0,0.54367,0,100,0,0.50609,0,0.0050609,0,0.18646,0
21,10,500,9,1,1,1,1,0,0.3472,0,100,0,0.90499,0,0.0090499,0,0.64933,0
22,50,10,2,1,1,1,1,0,0.68188,0,100,0,0.01554,0,0.0001554,0,0.15822,0
23,50,10,5,1,1,1,1,0,0.59953,0,100,0,0.026249,0,0.00026249,0,0.54055,0
24,50,10,9,1,1,1,1,0,0.51447,0,100,0,0.041597,0,0.00041597,0,1.8173,0
25,50,50,2,1,1,1,1,0,0.71363,0,100,0,0.020938,0,0.00020938,0,0.06378,0
26,50,50,5,1,1,1,1,0,0.65451,0,100,0,0.034311,0,0.00034311,0,0.17736,0
27,50,50,10,1,1,1,1,0,0.58967,0,100,0,0.053403,0,0.00053403,0,0.42834,0
28,50,50,25,1,1,1,1,0,0.47787,0,100,0,0.23444,0,0.0023444,0,1.8827,0
29,50,50,49,1,1,1,1,0,0.45669,0,100,0,0.61013,0,0.0061013,0,6.4133,0
30,50,100,2,1,1,1,1,0,0.71388,0,100,0,0.029415,0,0.00029415,0,0.044825,0
31,50,100,5,1,1,1,0.99997,0,0.66937,0,100,0,0.047011,0,0.00047011,0,0.13725,0
32,50,100,10,1,1,1,1,0,0.61015,0,100,0,0.11725,0,0.0011725,0,0.27143,0
33,50,100,25,1,1,1,1,0,0.47638,0,100,0,0.32382,0,0.0032382,0,1.0887,0
34,50,100,49,1,1,1,1,0,0.40878,0,100,0,0.82518,0,0.0082518,0,6.009,0
35,50,200,2,1,1,1,1,0,0.71483,0,100,0,0.07689,0,0.0007689,0,0.031359,0
36,50,200,5,1,1,1,1,0,0.67597,0,100,0,0.106,0,0.00106,0,0.08424,0
37,50,200,10,1,1,1,1,0,0.62594,0,100,0,0.18382,0,0.0018382,0,0.18429,0
38,50,200,25,1,1,1,1,0,0.487,0,100,0,0.5018,0,0.005018,0,0.66958,0
39,50,200,49,1,1,1,1,0,0.35072,0,100,0,1.4352,0,0.014352,0,4.9959,0
40,50,300,2,1,1,1,1,0,0.71131,0,100,0,0.11916,0,0.0011916,0,0.025139,0
41,50,300,5,1,1,1,1,0,0.67716,0,100,0,0.15333,0,0.0015333,0,0.067676,0
42,50,300,10,1,1,1,1,0,0.62694,0,100,0,0.24269,0,0.0024269,0,0.14906,0
43,50,300,25,1,1,1,1,0,0.48737,0,100,0,0.61484,0,0.0061484,0,0.52438,0
44,50,300,49,1,1,1,1,0,0.3199,0,100,0,1.8979,0,0.018979,0,4.3722,0
45,50,400,2,1,1,1,1,0,0.71634,0,100,0,0.2458,0,0.002458,0,0.021936,0
46,50,400,5,1,1,1,1,0,0.68057,0,100,0,0.50789,0,0.0050789,0,0.057918,0
47,50,400,10,1,1,1,1,0,0.62961,0,100,0,1.1782,0,0.011782,0,0.12933,0
48,50,400,25,1,1,1,1,0,0.49005,0,100,0,3.1097,0,0.031097,0,0.44459,0
49,50,400,49,1,1,1,1,0,0.30038,0,100,0,6.0887,0,0.060887,0,3.933,0
50,50,500,2,1,1,1,1,0,0.71409,0,100,0,0.33448,0,0.0033448,0,0.019685,0
51,50,500,5,1,1,1,1,0,0.6807,0,100,0,0.6183,0,0.006183,0,0.051387,0
52,50,500,10,1,1,1,1,0,0.62824,0,100,0,1.1796,0,0.011796,0,0.11286,0
53,50,500,25,1,1,1,1,0,0.49311,0,100,0,3.3536,0,0.033536,0,0.38918,0
54,50,500,49,1,1,1,1,0,0.28762,0,100,0,8.0469,0,0.080469,0,3.5283,0
55,100,10,2,1,1,1,1,0,0.67864,0,100,0,0.024497,0,0.00024497,0,0.10844,0
56,100,10,5,1,1,1,1,0,0.56662,0,100,0,0.041181,0,0.00041181,0,0.36661,0
57,100,10,9,1,1,1,1,0,0.45069,0,100,0,0.10762,0,0.0010762,0,1.4065,0
58,100,50,2,1,1,1,1,0,0.71913,0,100,0,0.034394,0,0.00034394,0,0.044713,0
59,100,50,5,1,1,1,1,0,0.67154,0,100,0,0.049724,0,0.00049724,0,0.11909,0
60,100,50,10,1,1,1,1,0,0.61606,0,100,0,0.10844,0,0.0010844,0,0.2746,0
61,100,50,25,1,1,1,1,0,0.47681,0,100,0,0.30509,0,0.0030509,0,1.0987,0
62,100,50,49,1,1,1,1,0,0.40346,0,100,0,0.86668,0,0.0086668,0,5.9029,0
63,100,100,2,1,1,1,1,0,0.72057,0,100,0,0.049718,0,0.00049718,0,0.031163,0
64,100,100,5,1,1,1,1,0,0.68535,0,100,0,0.082392,0,0.00082392,0,0.082099,0
65,100,100,10,1,1,1,1,0,0.63873,0,100,0,0.19697,0,0.0019697,0,0.17977,0
66,100,100,25,1,1,1,1,0,0.52647,0,100,0,0.47658,0,0.0047658,0,0.59551,0
67,100,100,50,1,1,1,1,0,0.41263,0,100,0,1.1023,0,0.011023,0,2.072,0
68,100,100,99,1,1,1,1,0,0.38356,0,100,0,4.6451,0,0.046451,0,9.3486,0
69,100,200,2,1,1,1,1,0,0.71932,0,100,0,0.10006,0,0.0010006,0,0.021787,0
70,100,200,5,1,1,1,1,0,0.69373,0,100,0,0.13715,0,0.0013715,0,0.05649,0
71,100,200,10,1,1,1,1,0,0.65606,0,100,0,0.25309,0,0.0025309,0,0.12031,0
72,100,200,25,1,1,1,1,0,0.55657,0,100,0,0.65924,0,0.0065924,0,0.3731,0
73,100,200,50,1,1,1,1,0,0.43561,0,100,0,1.7264,0,0.017264,0,1.1277,0
74,100,200,99,1,1,1,1,0,0.33809,0,100,0,6.1619,0,0.061619,0,8.5678,0
75,100,300,2,1,1,1,1,0,0.71802,0,100,0,0.11738,0,0.0011738,0,0.018033,0
76,100,300,5,1,1,1,1,0,0.69654,0,100,0,0.1612,0,0.001612,0,0.046455,0
77,100,300,10,1,1,1,1,0,0.66293,0,100,0,0.28583,0,0.0028583,0,0.10757,0
78,100,300,25,1,1,1,1,0,0.57072,0,100,0,0.73175,0,0.0073175,0,0.29119,0
79,100,300,50,1,1,1,1,0,0.44881,0,100,0,2.2553,0,0.022553,0,0.8355,0
80,100,300,99,1,1,1,1,0,0.31006,0,100,0,10.527,0,0.10527,0,7.6886,0
81,100,400,2,1,1,1,1,0,0.71914,0,100,0,0.32082,0,0.0032082,0,0.015294,0
82,100,400,5,1,1,1,1,0,0.69855,0,100,0,0.53887,0,0.0053887,0,0.039469,0
83,100,400,10,1,1,1,1,0,0.66675,0,100,0,1.1172,0,0.011172,0,0.090295,0
84,100,400,25,1,1,1,1,0,0.58148,0,100,0,2.6826,0,0.026826,0,0.2473,0
85,100,400,50,1,1,1,0.99999,0,0.4563,0,100,0,6.2361,0,0.062361,0,0.70339,0
86,100,400,99,1,1,1,0.99999,0,0.28992,0,100,0,18.658,0,0.18658,0,7.0823,0
87,100,500,2,1,1,1,1,0,0.71566,0,100,0,0.34366,0,0.0034366,0,0.013609,0
88,100,500,5,1,1,1,1,0,0.70018,0,100,0,0.71422,0,0.0071422,0,0.040721,0
89,100,500,10,1,1,1,1,0,0.6701,0,100,0,1.2944,0,0.012944,0,0.074453,0
90,100,500,25,1,1,1,0.99999,0,0.5854,0,100,0,3.64,0,0.0364,0,0.21968,0
91,100,500,50,1,1,1,0.99999,0,0.4607,0,100,0,8.6071,0,0.086071,0,0.59468,0
92,100,500,99,1,1,1,0.99998,0,0.27593,0,100,0,23.784,0,0.23784,0,6.607,0
93,200,10,2,1,1,1,1,0,0.66633,0,100,0,0.062459,0,0.00062459,0,0.076419,0
94,200,10,5,1,1,1,1,0,0.55561,0,100,0,0.086706,0,0.00086706,0,0.24879,0
95,200,10,9,1,1,1,1,0,0.40078,0,100,0,0.16458,0,0.0016458,0,1.0275,0
96,200,50,2,1,1,1,1,0,0.71222,0,100,0,0.085415,0,0.00085415,0,0.031413,0
97,200,50,5,1,1,1,1,0,0.68058,0,100,0,0.11851,0,0.0011851,0,0.086763,0
98,200,50,10,1,1,1,1,0,0.6228,0,100,0,0.1969,0,0.001969,0,0.18591,0
99,200,50,25,1,1,1,1,0,0.48152,0,100,0,0.52115,0,0.0052115,0,0.68241,0
100,200,50,49,1,1,1,1,0,0.34968,0,100,0,1.6144,0,0.016144,0,4.8844,0
101,200,100,2,1,1,1,1,0,0.71945,0,100,0,0.1022,0,0.001022,0,0.021789,0
102,200,100,5,1,1,1,1,0,0.69385,0,100,0,0.15078,0,0.0015078,0,0.05711,0
103,200,100,10,1,1,1,1,0,0.65518,0,100,0,0.25126,0,0.0025126,0,0.12071,0
104,200,100,25,1,1,1,1,0,0.557,0,100,0,0.61495,0,0.0061495,0,0.37466,0
105,200,100,50,1,1,1,1,0,0.43712,0,100,0,1.9318,0,0.019318,0,1.1173,0
106,200,100,99,1,1,1,1,0,0.33745,0,100,0,7.0715,0,0.070715,0,8.5276,0
107,200,200,2,1,1,1,1,0,0.7206,0,100,0,0.14578,0,0.0014578,0,0.015304,0
108,200,200,5,1,1,1,1,0,0.70197,0,100,0,0.2255,0,0.002255,0,0.0392,0
109,200,200,10,1,1,1,1,0,0.67391,0,100,0,0.38794,0,0.0038794,0,0.083425,0
110,200,200,25,1,1,1,1,0,0.59948,0,100,0,0.826,0,0.00826,0,0.23843,0
111,200,200,50,1,1,1,1,0,0.50027,0,100,0,2.7121,0,0.027121,0,0.60471,0
112,200,200,100,1,1,1,1,0,0.36857,0,100,0,8.8691,0,0.088691,0,2.1975,0
113,200,200,150,1,1,1,1,0,0.32221,0,100,0,20.211,0,0.20211,0,6.8557,0
114,200,200,199,1,1,1,1,0,0.31764,0,100,0,45.184,0,0.45184,0,13.467,0
115,200,300,2,1,1,1,1,0,0.7183,0,100,0,0.17954,0,0.0017954,0,0.012503,0
116,200,300,5,1,1,1,1,0,0.70487,0,100,0,0.23962,0,0.0023962,0,0.031909,0
117,200,300,10,1,1,1,1,0,0.68072,0,100,0,0.37664,0,0.0037664,0,0.0664,0
118,200,300,25,1,1,1,0.99999,0,0.61705,0,100,0,1.0161,0,0.010161,0,0.18743,0
119,200,300,50,1,1,1,0.99999,0,0.526,0,100,0,3.1697,0,0.031697,0,0.45705,0
120,200,300,100,1,1,1,0.99999,0,0.39237,0,100,0,13.244,0,0.13244,0,1.4521,0
121,200,300,150,1,1,1,0.99999,0,0.31834,0,100,0,32.251,0,0.32251,0,4.0687,0
122,200,300,199,1,1,1,0.99999,0,0.2969,0,100,0,60.341,0,0.60341,0,13.108,0
123,200,400,2,1,1,1,1,0,0.72093,0,100,0,0.32028,0,0.0032028,0,0.019431,0
124,200,400,5,1,1,1,0.99999,0,0.70915,0,100,0,0.63749,0,0.0063749,0,0.028939,0
125,200,400,10,1,1,1,0.99999,0,0.68603,0,100,0,1.104,0,0.01104,0,0.057919,0
126,200,400,25,1,1,1,0.99999,0,0.62892,0,100,0,3.0033,0,0.030033,0,0.15906,0
127,200,400,50,1,1,1,0.99999,0,0.54189,0,100,0,7.8355,0,0.078355,0,0.37821,0
128,200,400,100,1,1,1,0.99999,0,0.40675,0,100,0,21.626,0,0.21626,0,1.1434,0
129,200,400,150,1,1,1,0.99998,0,0.31756,0,100,0,42.28,0,0.4228,0,3.0331,0
130,200,400,199,1,1,1,0.99998,0,0.28121,0,100,0,72.815,0,0.72815,0,12.317,0
131,200,500,2,1,1,1,0.99999,0,0.72279,0,100,0,0.41903,0,0.0041903,0,0.020911,0
132,200,500,5,1,1,1,0.99999,0,0.70948,0,100,0,0.93278,0,0.0093278,0,0.024825,0
133,200,500,10,1,1,1,0.99999,0,0.68933,0,100,0,1.6191,0,0.016191,0,0.051008,0
134,200,500,25,1,1,1,0.99999,0,0.63299,0,100,0,3.6814,0,0.036814,0,0.13948,0
135,200,500,50,1,1,1,0.99999,0,0.55321,0,100,0,8.3877,0,0.083877,0,0.32812,0
136,200,500,100,1,1,1,0.99998,0,0.41636,0,100,0,27.275,0,0.27275,0,0.97269,0
137,200,500,150,1,1,1,0.99997,0,0.3186,0,100,0,1072.9,0,10.729,0,2.493,0
138,200,500,199,1,1,1,0.99996,0,0.26794,0,100,0,95.113,0,0.95113,0,11.493,0
139,300,10,2,1,1,1,1,0,0.66007,0,100,0,0.068121,0,0.00068121,0,0.062905,0
140,300,10,5,1,1,1,1,0,0.55062,0,100,0,0.12848,0,0.0012848,0,0.20567,0
141,300,10,9,1,1,1,1,0,0.38087,0,100,0,0.19849,0,0.0019849,0,0.84775,0
142,300,50,2,1,1,1,1,0,0.71308,0,100,0,0.10192,0,0.0010192,0,0.025415,0
143,300,50,5,1,1,1,1,0,0.6777,0,100,0,0.15866,0,0.0015866,0,0.067424,0
144,300,50,10,1,1,1,1,0,0.62854,0,100,0,0.24172,0,0.0024172,0,0.15519,0
145,300,50,25,1,1,1,1,0,0.48828,0,100,0,0.66612,0,0.0066612,0,0.52381,0
146,300,50,49,1,1,1,0.99999,0,0.31957,0,100,0,2.3091,0,0.023091,0,4.3575,0
147,300,100,2,1,1,1,1,0,0.71814,0,100,0,0.14955,0,0.0014955,0,0.017679,0
148,300,100,5,1,1,1,1,0,0.69867,0,100,0,0.18002,0,0.0018002,0,0.045719,0
149,300,100,10,1,1,1,1,0,0.66329,0,100,0,0.34933,0,0.0034933,0,0.097363,0
150,300,100,25,1,1,1,1,0,0.57031,0,100,0,0.80969,0,0.0080969,0,0.29182,0
151,300,100,50,1,1,1,1,0,0.44767,0,100,0,2.9314,0,0.029314,0,0.83419,0
152,300,100,99,1,1,1,1,0,0.30862,0,100,0,12.273,0,0.12273,0,7.7271,0
153,300,200,2,1,1,1,1,0,0.72161,0,100,0,0.16231,0,0.0016231,0,0.012497,0
154,300,200,5,1,1,1,1,0,0.70535,0,100,0,0.24244,0,0.0024244,0,0.032225,0
155,300,200,10,1,1,1,1,0,0.68296,0,100,0,0.40587,0,0.0040587,0,0.066259,0
156,300,200,25,1,1,1,1,0,0.62024,0,100,0,1.0594,0,0.010594,0,0.18884,0
157,300,200,50,1,1,1,0.99999,0,0.52664,0,100,0,3.4593,0,0.034593,0,0.45567,0
158,300,200,100,1,1,1,1,0,0.39132,0,100,0,13.637,0,0.13637,0,1.452,0
159,300,200,150,1,1,1,1,0,0.31743,0,100,0,30.997,0,0.30997,0,4.0794,0
160,300,200,199,1,1,1,1,0,0.29745,0,100,0,61.76,0,0.6176,0,12.973,0
161,300,300,2,1,1,1,0.99999,0,0.72047,0,100,0,0.24087,0,0.0024087,0,0.014236,0
162,300,300,5,1,1,1,0.99999,0,0.70995,0,100,0,0.33543,0,0.0033543,0,0.026397,0
163,300,300,10,1,1,1,0.99999,0,0.69089,0,100,0,0.49733,0,0.0049733,0,0.053594,0
164,300,300,25,1,1,1,0.99999,0,0.63533,0,100,0,1.4528,0,0.014528,0,0.14743,0
165,300,300,50,1,1,1,0.99999,0,0.55703,0,100,0,4.4847,0,0.044847,0,0.34276,0
166,300,300,100,1,1,1,0.99999,0,0.4328,0,100,0,19.472,0,0.19472,0,0.97508,0
167,300,300,150,1,1,1,0.99998,0,0.34528,0,100,0,44.599,0,0.44599,0,2.2343,0
168,300,300,200,1,1,1,0.99999,0,0.30057,0,100,0,77.942,0,0.77942,0,4.9851,0
169,300,300,250,1,1,1,1,0,0.28659,0,100,0,121.6,0,1.216,0,10.891,0
170,300,300,299,1,1,1,1,0,0.28472,0,100,0,206.61,0,2.0661,0,16.633,0
171,300,400,2,1,1,1,0.99999,0,0.72143,0,100,0,0.4176,0,0.004176,0,0.0093975,0
172,300,400,5,1,1,1,0.99999,0,0.71173,0,100,0,0.81608,0,0.0081608,0,0.023683,0
173,300,400,10,1,1,1,0.99999,0,0.69491,0,100,0,1.4466,0,0.014466,0,0.049995,0
174,300,400,25,1,1,1,0.99999,0,0.6454,0,100,0,3.758,0,0.03758,0,0.12506,0
175,300,400,50,1,1,1,0.99999,0,0.57525,0,100,0,8.7143,0,0.087143,0,0.28595,0
176,300,400,100,1,1,1,0.99998,0,0.45537,0,100,0,28.116,0,0.28116,0,0.77339,0
177,300,400,150,1,1,1,0.99998,0,0.36759,0,100,0,57.342,0,0.57342,0,1.6377,0
178,300,400,200,1,1,1,0.99997,0,0.30796,0,100,0,101.29,0,1.0129,0,3.3829,0
179,300,400,250,1,1,1,0.99998,0,0.28012,0,100,0,155.83,0,1.5583,0,7.2757,0
180,300,400,299,1,1,1,0.99999,0,0.273,0,100,0,244.14,0,2.4414,0,16.361,0
181,300,500,2,1,1,1,1,0,0.7223,0,100,0,0.78269,0,0.0078269,0,0.0076699,0
182,300,500,5,1,1,1,0.99999,0,0.7131,0,100,0,1.3407,0,0.013407,0,0.022551,0
183,300,500,10,1,1,1,0.99999,0,0.69708,0,100,0,2.323,0,0.02323,0,0.053992,0
184,300,500,25,1,1,1,0.99999,0,0.65168,0,100,0,4.7452,0,0.047452,0,0.11094,0
185,300,500,50,1,1,1,0.99998,0,0.58328,0,100,0,10.727,0,0.10727,0,0.25177,0
186,300,500,100,1,1,1,0.99998,0,0.47161,0,100,0,33.937,0,0.33937,0,0.65023,0
187,300,500,150,1,1,1,0.99997,0,0.38226,0,100,0,68.123,0,0.68123,0,1.3374,0
188,300,500,200,1,1,1,0.99996,0,0.31613,0,100,0,114.79,0,1.1479,0,2.6304,0
189,300,500,250,1,1,1,0.99996,0,0.27773,0,100,0,192.28,0,1.9228,0,5.5118,0
190,300,500,299,1,1,1,0.99996,0,0.26183,0,100,0,301.3,0,3.013,0,15.667,0
191,400,10,2,1,1,1,1,0,0.66369,0,100,0,0.26551,0,0.0026551,0,0.05408,0
192,400,10,5,1,1,1,1,0,0.53552,0,100,0,0.45349,0,0.0045349,0,0.17812,0
193,400,10,9,1,1,1,1,0,0.36048,0,100,0,0.71477,0,0.0071477,0,0.7243,0
194,400,50,2,1,1,1,1,0,0.71375,0,100,0,0.24832,0,0.0024832,0,0.021999,0
195,400,50,5,1,1,1,1,0,0.68015,0,100,0,0.45312,0,0.0045312,0,0.058182,0
196,400,50,10,1,1,1,1,0,0.63282,0,100,0,0.853,0,0.00853,0,0.12603,0
197,400,50,25,1,1,1,1,0,0.49318,0,100,0,2.4374,0,0.024374,0,0.44229,0
198,400,50,49,1,1,1,1,0,0.30018,0,100,0,6.3379,0,0.063379,0,3.8989,0
199,400,100,2,1,1,1,1,0,0.71852,0,100,0,0.27318,0,0.0027318,0,0.015447,0
200,400,100,5,1,1,1,1,0,0.69808,0,100,0,0.52099,0,0.0052099,0,0.039579,0
201,400,100,10,1,1,1,1,0,0.66698,0,100,0,0.94733,0,0.0094733,0,0.088468,0
202,400,100,25,1,1,1,1,0,0.57951,0,100,0,2.7362,0,0.027362,0,0.24708,0
203,400,100,50,1,1,1,1,0,0.4537,0,100,0,7.321,0,0.07321,0,0.68796,0
204,400,100,99,1,1,1,1,0,0.28968,0,100,0,20.558,0,0.20558,0,7.1061,0
205,400,200,2,1,1,1,1,0,0.72129,0,100,0,0.37936,0,0.0037936,0,0.010909,0
206,400,200,5,1,1,1,0.99999,0,0.70831,0,100,0,0.64966,0,0.0064966,0,0.037383,0
207,400,200,10,1,1,1,0.99999,0,0.68565,0,100,0,1.2037,0,0.012037,0,0.057681,0
208,400,200,25,1,1,1,0.99999,0,0.62753,0,100,0,3.1475,0,0.031475,0,0.16086,0
209,400,200,50,1,1,1,0.99999,0,0.54292,0,100,0,6.8353,0,0.068353,0,0.37866,0
210,400,200,100,1,1,1,0.99999,0,0.40576,0,100,0,20.392,0,0.20392,0,1.1455,0
211,400,200,150,1,1,1,1,0,0.31625,0,100,0,44.496,0,0.44496,0,3.0506,0
212,400,200,199,1,1,1,1,0,0.28094,0,100,0,79.665,0,0.79665,0,12.137,0
213,400,300,2,1,1,1,0.99999,0,0.72316,0,100,0,0.45159,0,0.0045159,0,0.0091728,0
214,400,300,5,1,1,1,0.99999,0,0.71123,0,100,0,0.80965,0,0.0080965,0,0.029226,0
215,400,300,10,1,1,1,0.99999,0,0.69509,0,100,0,1.3877,0,0.013877,0,0.047441,0
216,400,300,25,1,1,1,0.99999,0,0.64647,0,100,0,3.3129,0,0.033129,0,0.12531,0
217,400,300,50,1,1,1,0.99999,0,0.57438,0,100,0,8.1833,0,0.081833,0,0.28646,0
218,400,300,100,1,1,1,0.99998,0,0.4559,0,100,0,28.098,0,0.28098,0,0.76829,0
219,400,300,150,1,1,1,0.99998,0,0.36811,0,100,0,54.039,0,0.54039,0,1.6407,0
220,400,300,200,1,1,1,0.99999,0,0.30878,0,100,0,102.81,0,1.0281,0,3.3434,0
221,400,300,250,1,1,1,1,0,0.27982,0,100,0,160.24,0,1.6024,0,7.2344,0
222,400,300,299,1,1,1,1,0,0.27243,0,100,0,252.75,0,2.5275,0,16.41,0
223,400,400,2,1,1,1,0.99999,0,0.72295,0,100,0,0.72455,0,0.0072455,0,0.010003,0
224,400,400,5,1,1,1,0.99999,0,0.71427,0,100,0,1.2843,0,0.012843,0,0.020538,0
225,400,400,10,1,1,1,0.99999,0,0.6988,0,100,0,2.1618,0,0.021618,0,0.040252,0
226,400,400,25,1,1,1,0.99999,0,0.65537,0,100,0,5.9637,0,0.059637,0,0.10967,0
227,400,400,50,1,1,1,0.99999,0,0.59135,0,100,0,12.839,0,0.12839,0,0.23893,0
228,400,400,100,1,1,1,0.99998,0,0.48283,0,100,0,33.748,0,0.33748,0,0.61347,0
229,400,400,150,1,1,1,0.99997,0,0.3972,0,100,0,68.75,0,0.6875,0,1.214,0
230,400,400,200,1,1,1,0.99997,0,0.33323,0,100,0,104.94,0,1.0494,0,2.2414,0
231,400,400,250,1,1,1,0.99998,0,0.29178,0,100,0,198.01,0,1.9801,0,4.1547,0
232,400,400,300,1,1,1,0.99999,0,0.27098,0,100,0,290.76,0,2.9076,0,7.8659,0
233,400,400,350,1,1,1,1,0,0.26493,0,100,0,434.4,0,4.344,0,14.104,0
234,400,400,399,1,1,1,1,0,0.26472,0,100,0,10215,0,102.15,0,19.314,0
235,400,500,2,1,1,1,1,0,0.72341,0,100,0,1.0091,0,0.010091,0,0.011333,0
236,400,500,5,1,1,1,0.99999,0,0.71441,0,100,0,1.6643,0,0.016643,0,0.019886,0
237,400,500,10,1,1,1,0.99999,0,0.70057,0,100,0,2.8491,0,0.028491,0,0.04317,0
238,400,500,25,1,1,1,0.99999,0,0.66141,0,100,0,7.2258,0,0.072258,0,0.095098,0
239,400,500,50,1,1,1,0.99998,0,0.60292,0,100,0,16.978,0,0.16978,0,0.21132,0
240,400,500,100,1,1,1,0.99998,0,0.50079,0,100,0,45.183,0,0.45183,0,0.51918,0
241,400,500,150,1,1,1,0.99997,0,0.41831,0,100,0,88.259,0,0.88259,0,0.99258,0
242,400,500,200,1,1,1,0.99996,0,0.351,0,100,0,154.39,0,1.5439,0,1.7633,0
243,400,500,250,1,1,1,0.99996,0,0.30367,0,100,0,257.39,0,2.5739,0,3.0677,0
244,400,500,300,1,1,1,0.99997,0,0.27307,0,100,0,388.28,0,3.8828,0,5.4928,0
245,400,500,350,1,1,1,0.99998,0,0.25929,0,100,0,411.11,0,4.1111,0,10.309,0
246,400,500,399,1,1,1,1,0,0.25611,0,100,0,505.96,0,5.0596,0,19.146,0
247,500,10,2,1,1,1,1,0,0.66618,0,100,0,0.23356,0,0.0023356,0,0.048821,0
248,500,10,5,1,1,1,1,0,0.53766,0,100,0,0.49378,0,0.0049378,0,0.15604,0
249,500,10,9,1,1,1,1,0,0.34715,0,100,0,0.85706,0,0.0085706,0,0.64492,0
250,500,50,2,1,1,1,1,0,0.71493,0,100,0,0.29729,0,0.0029729,0,0.019622,0
251,500,50,5,1,1,1,1,0,0.68172,0,100,0,0.568,0,0.00568,0,0.052449,0
252,500,50,10,1,1,1,1,0,0.63277,0,100,0,1.0017,0,0.010017,0,0.11394,0
253,500,50,25,1,1,1,1,0,0.49338,0,100,0,2.8904,0,0.028904,0,0.38719,0
254,500,50,49,1,1,1,1,0,0.28579,0,100,0,6.836,0,0.06836,0,3.5903,0
255,500,100,2,1,1,1,1,0,0.71741,0,100,0,0.29826,0,0.0029826,0,0.013744,0
256,500,100,5,1,1,1,1,0,0.69812,0,100,0,0.62039,0,0.0062039,0,0.035339,0
257,500,100,10,1,1,1,1,0,0.66848,0,100,0,1.1266,0,0.011266,0,0.08059,0
258,500,100,25,1,1,1,1,0,0.58644,0,100,0,3.1681,0,0.031681,0,0.2161,0
259,500,100,50,1,1,1,1,0,0.46137,0,100,0,8.0957,0,0.080957,0,0.59374,0
260,500,100,99,1,1,1,1,0,0.27632,0,100,0,21.743,0,0.21743,0,6.5718,0
261,500,200,2,1,1,1,0.99999,0,0.72215,0,100,0,0.36287,0,0.0036287,0,0.009898,0
262,500,200,5,1,1,1,0.99999,0,0.70912,0,100,0,0.68449,0,0.0068449,0,0.025088,0
263,500,200,10,1,1,1,0.99999,0,0.68869,0,100,0,1.2303,0,0.012303,0,0.057456,0
264,500,200,25,1,1,1,0.99999,0,0.63416,0,100,0,3.3169,0,0.033169,0,0.14222,0
265,500,200,50,1,1,1,0.99999,0,0.55306,0,100,0,8.2629,0,0.082629,0,0.32875,0
266,500,200,100,1,1,1,0.99999,0,0.41722,0,100,0,23.736,0,0.23736,0,0.96082,0
267,500,200,150,1,1,1,1,0,0.31933,0,100,0,47.38,0,0.4738,0,2.473,0
268,500,200,199,1,1,1,1,0,0.26725,0,100,0,84.748,0,0.84748,0,11.533,0
269,500,300,2,1,1,1,0.99999,0,0.72326,0,100,0,0.62626,0,0.0062626,0,0.0093576,0
270,500,300,5,1,1,1,0.99999,0,0.71268,0,100,0,0.96742,0,0.0096742,0,0.023857,0
271,500,300,10,1,1,1,0.99999,0,0.69734,0,100,0,1.5501,0,0.015501,0,0.04208,0
272,500,300,25,1,1,1,0.99999,0,0.65154,0,100,0,3.6914,0,0.036914,0,0.11057,0
273,500,300,50,1,1,1,0.99999,0,0.58548,0,100,0,9.4235,0,0.094235,0,0.25846,0
274,500,300,100,1,1,1,0.99998,0,0.4716,0,100,0,29.057,0,0.29057,0,0.65165,0
275,500,300,150,1,1,1,0.99998,0,0.38135,0,100,0,56.901,0,0.56901,0,1.3405,0
276,500,300,200,1,1,1,0.99999,0,0.31659,0,100,0,100.21,0,1.0021,0,2.6382,0
277,500,300,250,1,1,1,1,0,0.27666,0,100,0,165.75,0,1.6575,0,5.522,0
278,500,300,299,1,1,1,1,0,0.26174,0,100,0,246.14,0,2.4614,0,15.627,0
279,500,400,2,1,1,1,0.99999,0,0.7239,0,100,0,0.84516,0,0.0084516,0,0.009519,0
280,500,400,5,1,1,1,0.99999,0,0.71355,0,100,0,1.4009,0,0.014009,0,0.018312,0
281,500,400,10,1,1,1,0.99999,0,0.70157,0,100,0,2.2722,0,0.022722,0,0.04185,0
282,500,400,25,1,1,1,0.99999,0,0.66198,0,100,0,5.5082,0,0.055082,0,0.094614,0
283,500,400,50,1,1,1,0.99998,0,0.60411,0,100,0,13.352,0,0.13352,0,0.21274,0
284,500,400,100,1,1,1,0.99998,0,0.50126,0,100,0,35.042,0,0.35042,0,0.5192,0
285,500,400,150,1,1,1,0.99998,0,0.41823,0,100,0,67.218,0,0.67218,0,0.99161,0
286,500,400,200,1,1,1,0.99998,0,0.3508,0,100,0,115.03,0,1.1503,0,1.7553,0
287,500,400,250,1,1,1,0.99998,0,0.30359,0,100,0,193.83,0,1.9383,0,3.065,0
288,500,400,300,1,1,1,1,0,0.27332,0,100,0,279.4,0,2.794,0,5.5048,0
289,500,400,350,1,1,1,1,0,0.25939,0,100,0,388.35,0,3.8835,0,10.173,0
290,500,400,399,1,1,1,1,0,0.25583,0,100,0,511.65,0,5.1165,0,19.183,0
291,500,500,2,1,1,1,0.99999,0,0.72308,0,100,0,0.93253,0,0.0093253,0,0.0074113,0
292,500,500,5,1,1,1,0.99999,0,0.7154,0,100,0,1.5435,0,0.015435,0,0.020055,0
293,500,500,10,1,1,1,0.99999,0,0.70377,0,100,0,2.5902,0,0.025902,0,0.034954,0
294,500,500,25,1,1,1,0.99998,0,0.66882,0,100,0,6.5262,0,0.065262,0,0.087389,0
295,500,500,50,1,1,1,0.99998,0,0.61381,0,100,0,15.736,0,0.15736,0,0.18564,0
296,500,500,100,1,1,1,0.99998,0,0.52101,0,100,0,41.164,0,0.41164,0,0.44649,0
297,500,500,150,1,1,1,0.99997,0,0.44096,0,100,0,78.647,0,0.78647,0,0.82094,0
298,500,500,200,1,1,1,0.99997,0,0.37575,0,100,0,133.91,0,1.3391,0,1.3797,0
299,500,500,250,1,1,1,0.99997,0,0.32392,0,100,0,222.68,0,2.2268,0,2.2598,0
300,500,500,300,1,1,1,0.99997,0,0.28696,0,100,0,312.2,0,3.122,0,3.7015,0
301,500,500,350,1,1,1,0.99999,0,0.26381,0,100,0,428.91,0,4.2891,0,6.2457,0
302,500,500,400,1,1,1,1,0,0.25287,0,100,0,565.47,0,5.6547,0,10.67,0
303,500,500,450,1,1,1,1,0,0.24981,0,100,0,742.94,0,7.4294,0,16.996,0
304,500,500,499,1,1,1,1,0,0.24988,0,100,0,952.17,0,9.5217,0,21.702,0
